"date","state","positive","probableCases","negative","pending","totalTestResultsSource","totalTestResults","hospitalizedCurrently","hospitalizedCumulative","inIcuCurrently","inIcuCumulative","onVentilatorCurrently","onVentilatorCumulative","recovered","lastUpdateEt","dateModified","checkTimeEt","death","hospitalized","hospitalizedDischarged","dateChecked","totalTestsViral","positiveTestsViral","negativeTestsViral","positiveCasesViral","deathConfirmed","deathProbable","totalTestEncountersViral","totalTestsPeopleViral","totalTestsAntibody","positiveTestsAntibody","negativeTestsAntibody","totalTestsPeopleAntibody","positiveTestsPeopleAntibody","negativeTestsPeopleAntibody","totalTestsPeopleAntigen","positiveTestsPeopleAntigen","totalTestsAntigen","positiveTestsAntigen","fips","positiveIncrease","negativeIncrease","total","totalTestResultsIncrease","posNeg","dataQualityGrade","deathIncrease","hospitalizedIncrease","hash","commercialScore","negativeRegularScore","negativeScore","positiveScore","score","grade"
20210307,"AS",0,,2140,,"totalTestsViral",2140,,,,,,,,"12/1/2020 00:00","2020-12-01T00:00:00Z","11/30 19:00",0,,,"2020-12-01T00:00:00Z",2140,,,0,,,,,,,,,,,,,,,"60",0,0,2140,0,2140,,0,0,"f77912d0b80d579fbb6202fa1a90554fc4dc1443",0,0,0,0,0,""
20210306,"AS",0,,2140,,"totalTestsViral",2140,,,,,,,,"12/1/2020 00:00","2020-12-01T00:00:00Z","11/30 19:00",0,,,"2020-12-01T00:00:00Z",2140,,,0,,,,,,,,,,,,,,,"60",0,0,2140,0,2140,,0,0,"f13cb7545a3615963f45de643e0b6fc714801484",0,0,0,0,0,""
20210305,"AS",0,,2140,,"totalTestsViral",2140,,,,,,,,"12/1/2020 00:00","2020-12-01T00:00:00Z","11/30 19:00",0,,,"2020-12-01T00:00:00Z",2140,,,0,,,,,,,,,,,,,,,"60",0,0,2140,0,2140,,0,0,"7ee2d07cf55f903f443a4baf049c131848dc68ce",0,0,0,0,0,""
20210304,"AS",0,,2140,,"totalTestsViral",2140,,,,,,,,"12/1/2020 00:00","2020-12-01T00:00:00Z","11/30 19:00",0,,,"2020-12-01T00:00:00Z",2140,,,0,,,,,,,,,,,,,,,"60",0,0,2140,0,2140,,0,0,"14c013d0a2cb871a7719a7e342ded94e99c5cb05",0,0,0,0,0,""
20210303,"AS",0,,2140,,"totalTestsViral",2140,,,,,,,,"12/1/2020 00:00","2020-12-01T00:00:00Z","11/30 19:00",0,,,"2020-12-01T00:00:00Z",2140,,,0,,,,,,,,,,,,,,,"60",0,0,2140,0,2140,,0,0,"44f8431e719f9c45e2eb4a8e90517653d1aa73b2",0,0,0,0,0,""
20210302,"AS",0,,2140,,"totalTestsViral",2140,,,,,,,,"12/1/2020 00:00","2020-12-01T00:00:00Z","11/30 19:00",0,,,"2020-12-01T00:00:00Z",2140,,,0,,,,,,,,,,,,,,,"60",0,0,2140,0,2140,,0,0,"41286ee177167d436862d5de47f02c62f2452311",0,0,0,0,0,""
20210301,"AS",0,,2140,,"totalTestsViral",2140,,,,,,,,"12/1/2020 00:00","2020-12-01T00:00:00Z","11/30 19:00",0,,,"2020-12-01T00:00:00Z",2140,,,0,,,,,,,,,,,,,,,"60",0,0,2140,0,2140,,0,0,"b0c15b1da0a7a8fbcde03a74be94050bf22ca0c3",0,0,0,0,0,""
20210228,"AS",0,,2140,,"totalTestsViral",2140,,,,,,,,"12/1/2020 00:00","2020-12-01T00:00:00Z","11/30 19:00",0,,,"2020-12-01T00:00:00Z",2140,,,0,,,,,,,,,,,,,,,"60",0,0,2140,0,2140,,0,0,"2e3f8a4e8a1d8595bcf7da49f421dc17a9b16fb9",0,0,0,0,0,""
20210227,"AS",0,,2140,,"totalTestsViral",2140,,,,,,,,"12/1/2020 00:00","2020-12-01T00:00:00Z","11/30 19:00",0,,,"2020-12-01T00:00:00Z",2140,,,0,,,,,,,,,,,,,,,"60",0,0,2140,0,2140,,0,0,"a37d5dfc25fe99db1021edd7a87aefbda307a3b3",0,0,0,0,0,""
20210226,"AS",0,,2140,,"totalTestsViral",2140,,,,,,,,"12/1/2020 00:00","2020-12-01T00:00:00Z","11/30 19:00",0,,,"2020-12-01T00:00:00Z",2140,,,0,,,,,,,,,,,,,,,"60",0,0,2140,0,2140,,0,0,"c6ffd3a56d3ca1f19015bbd8706e1d5d2ce6e60b",0,0,0,0,0,""
20210225,"AS",0,,2140,,"totalTestsViral",2140,,,,,,,,"12/1/2020 00:00","2020-12-01T00:00:00Z","11/30 19:00",0,,,"2020-12-01T00:00:00Z",2140,,,0,,,,,,,,,,,,,,,"60",0,0,2140,0,2140,,0,0,"56d7b151905534d4dd33dbf1f10694f0514b9bfa",0,0,0,0,0,""
20210224,"AS",0,,2140,,"totalTestsViral",2140,,,,,,,,"12/1/2020 00:00","2020-12-01T00:00:00Z","11/30 19:00",0,,,"2020-12-01T00:00:00Z",2140,,,0,,,,,,,,,,,,,,,"60",0,0,2140,0,2140,,0,0,"651344dea20d4fd78d12bc7262200a5360f145a4",0,0,0,0,0,""
20210223,"AS",0,,2140,,"totalTestsViral",2140,,,,,,,,"12/1/2020 00:00","2020-12-01T00:00:00Z","11/30 19:00",0,,,"2020-12-01T00:00:00Z",2140,,,0,,,,,,,,,,,,,,,"60",0,0,2140,0,2140,,0,0,"7e2b16396a87e5016ff186df19a60c177b9b6458",0,0,0,0,0,""
20210222,"AS",0,,2140,,"totalTestsViral",2140,,,,,,,,"12/1/2020 00:00","2020-12-01T00:00:00Z","11/30 19:00",0,,,"2020-12-01T00:00:00Z",2140,,,0,,,,,,,,,,,,,,,"60",0,0,2140,0,2140,,0,0,"42c3ce30a7fe42c7400bb726c2991dacd4f94787",0,0,0,0,0,""
20210221,"AS",0,,2140,,"totalTestsViral",2140,,,,,,,,"12/1/2020 00:00","2020-12-01T00:00:00Z","11/30 19:00",0,,,"2020-12-01T00:00:00Z",2140,,,0,,,,,,,,,,,,,,,"60",0,0,2140,0,2140,,0,0,"acbe9315fafea99c8d2663e1f037204bdbcc9a60",0,0,0,0,0,""
20210220,"AS",0,,2140,,"totalTestsViral",2140,,,,,,,,"12/1/2020 00:00","2020-12-01T00:00:00Z","11/30 19:00",0,,,"2020-12-01T00:00:00Z",2140,,,0,,,,,,,,,,,,,,,"60",0,0,2140,0,2140,,0,0,"3b45a45fd5fa7b8059ecec6481ad66774ffe8aaf",0,0,0,0,0,""
20210219,"AS",0,,2140,,"totalTestsViral",2140,,,,,,,,"12/1/2020 00:00","2020-12-01T00:00:00Z","11/30 19:00",0,,,"2020-12-01T00:00:00Z",2140,,,0,,,,,,,,,,,,,,,"60",0,0,2140,0,2140,,0,0,"f2ed48e562f0bf496237e917e0d4dfa4d5cf29d4",0,0,0,0,0,""
20210218,"AS",0,,2140,,"totalTestsViral",2140,,,,,,,,"12/1/2020 00:00","2020-12-01T00:00:00Z","11/30 19:00",0,,,"2020-12-01T00:00:00Z",2140,,,0,,,,,,,,,,,,,,,"60",0,0,2140,0,2140,,0,0,"29174ebb59e94b8bdb5fc05dcf847970ca52fc0e",0,0,0,0,0,""
20210217,"AS",0,,2140,,"totalTestsViral",2140,,,,,,,,"12/1/2020 00:00","2020-12-01T00:00:00Z","11/30 19:00",0,,,"2020-12-01T00:00:00Z",2140,,,0,,,,,,,,,,,,,,,"60",0,0,2140,0,2140,,0,0,"1e9cf8f74a3c7498ea9658f3163bd2ad77943925",0,0,0,0,0,""
20210216,"AS",0,,2140,,"totalTestsViral",2140,,,,,,,,"12/1/2020 00:00","2020-12-01T00:00:00Z","11/30 19:00",0,,,"2020-12-01T00:00:00Z",2140,,,0,,,,,,,,,,,,,,,"60",0,0,2140,0,2140,,0,0,"b2f29af3602f3ef09e69bfd1a12780b3c0faaa3d",0,0,0,0,0,""
20210215,"AS",0,,2140,,"totalTestsViral",2140,,,,,,,,"12/1/2020 00:00","2020-12-01T00:00:00Z","11/30 19:00",0,,,"2020-12-01T00:00:00Z",2140,,,0,,,,,,,,,,,,,,,"60",0,0,2140,0,2140,,0,0,"54c49985228a9bd9af84987ec6ef79a2a72e4c91",0,0,0,0,0,""
20210214,"AS",0,,2140,,"totalTestsViral",2140,,,,,,,,"12/1/2020 00:00","2020-12-01T00:00:00Z","11/30 19:00",0,,,"2020-12-01T00:00:00Z",2140,,,0,,,,,,,,,,,,,,,"60",0,0,2140,0,2140,,0,0,"02c2036c25080f9ee7f6de05e74568a5d26f98b7",0,0,0,0,0,""
20210213,"AS",0,,2140,,"totalTestsViral",2140,,,,,,,,"12/1/2020 00:00","2020-12-01T00:00:00Z","11/30 19:00",0,,,"2020-12-01T00:00:00Z",2140,,,0,,,,,,,,,,,,,,,"60",0,0,2140,0,2140,,0,0,"0e02c944f57fe67420f8cce101ea50572d48c79b",0,0,0,0,0,""
20210212,"AS",0,,2140,,"totalTestsViral",2140,,,,,,,,"12/1/2020 00:00","2020-12-01T00:00:00Z","11/30 19:00",0,,,"2020-12-01T00:00:00Z",2140,,,0,,,,,,,,,,,,,,,"60",0,0,2140,0,2140,,0,0,"871aea42b21a62c09587906b906d35610004e105",0,0,0,0,0,""
20210211,"AS",0,,2140,,"totalTestsViral",2140,,,,,,,,"12/1/2020 00:00","2020-12-01T00:00:00Z","11/30 19:00",0,,,"2020-12-01T00:00:00Z",2140,,,0,,,,,,,,,,,,,,,"60",0,0,2140,0,2140,,0,0,"269a96b20bd114988106a4a36555a9a795e926b5",0,0,0,0,0,""
20210210,"AS",0,,2140,,"totalTestsViral",2140,,,,,,,,"12/1/2020 00:00","2020-12-01T00:00:00Z","11/30 19:00",0,,,"2020-12-01T00:00:00Z",2140,,,0,,,,,,,,,,,,,,,"60",0,0,2140,0,2140,,0,0,"b3bd8fa9b18b0bcc76431de003b0236f72a5e6d2",0,0,0,0,0,""
20210209,"AS",0,,2140,,"totalTestsViral",2140,,,,,,,,"12/1/2020 00:00","2020-12-01T00:00:00Z","11/30 19:00",0,,,"2020-12-01T00:00:00Z",2140,,,0,,,,,,,,,,,,,,,"60",0,0,2140,0,2140,,0,0,"ecb0b64d82f2028cd3fbbacac6e3c51134d08052",0,0,0,0,0,""
20210208,"AS",0,,2140,,"totalTestsViral",2140,,,,,,,,"12/1/2020 00:00","2020-12-01T00:00:00Z","11/30 19:00",0,,,"2020-12-01T00:00:00Z",2140,,,0,,,,,,,,,,,,,,,"60",0,0,2140,0,2140,,0,0,"a39327b9fd259dfd1fd537b2969f5c90c07b601f",0,0,0,0,0,""
20210207,"AS",0,,2140,,"totalTestsViral",2140,,,,,,,,"12/1/2020 00:00","2020-12-01T00:00:00Z","11/30 19:00",0,,,"2020-12-01T00:00:00Z",2140,,,0,,,,,,,,,,,,,,,"60",0,0,2140,0,2140,,0,0,"7c54541228b791f57f07d00f5d01e8abb4665c49",0,0,0,0,0,""
20210206,"AS",0,,2140,,"totalTestsViral",2140,,,,,,,,"12/1/2020 00:00","2020-12-01T00:00:00Z","11/30 19:00",0,,,"2020-12-01T00:00:00Z",2140,,,0,,,,,,,,,,,,,,,"60",0,0,2140,0,2140,,0,0,"af4c0e7a60e86793a5b19920a6777361a0864d50",0,0,0,0,0,""
20210205,"AS",0,,2140,,"totalTestsViral",2140,,,,,,,,"12/1/2020 00:00","2020-12-01T00:00:00Z","11/30 19:00",0,,,"2020-12-01T00:00:00Z",2140,,,0,,,,,,,,,,,,,,,"60",0,0,2140,0,2140,,0,0,"29ed767b14081500e9a33621d9b73811fde78a02",0,0,0,0,0,""
20210204,"AS",0,,2140,,"totalTestsViral",2140,,,,,,,,"12/1/2020 00:00","2020-12-01T00:00:00Z","11/30 19:00",0,,,"2020-12-01T00:00:00Z",2140,,,0,,,,,,,,,,,,,,,"60",0,0,2140,0,2140,,0,0,"efbf76ba7aeadc3ba7713d5f4ba184213847b7a4",0,0,0,0,0,""
20210203,"AS",0,,2140,,"totalTestsViral",2140,,,,,,,,"12/1/2020 00:00","2020-12-01T00:00:00Z","11/30 19:00",0,,,"2020-12-01T00:00:00Z",2140,,,0,,,,,,,,,,,,,,,"60",0,0,2140,0,2140,,0,0,"8dc5a1b181e0b74f4cd07b73aae8b747de1facba",0,0,0,0,0,""
20210202,"AS",0,,2140,,"totalTestsViral",2140,,,,,,,,"12/1/2020 00:00","2020-12-01T00:00:00Z","11/30 19:00",0,,,"2020-12-01T00:00:00Z",2140,,,0,,,,,,,,,,,,,,,"60",0,0,2140,0,2140,,0,0,"79ead8437b30973120b4d656faa7b50eeaca62fe",0,0,0,0,0,""
20210201,"AS",0,,2140,,"totalTestsViral",2140,,,,,,,,"12/1/2020 00:00","2020-12-01T00:00:00Z","11/30 19:00",0,,,"2020-12-01T00:00:00Z",2140,,,0,,,,,,,,,,,,,,,"60",0,0,2140,0,2140,,0,0,"ccf914fff4d855103c54c5bb913bcd9a6c3550f3",0,0,0,0,0,""
20210131,"AS",0,,2140,,"totalTestsViral",2140,,,,,,,,"12/1/2020 00:00","2020-12-01T00:00:00Z","11/30 19:00",0,,,"2020-12-01T00:00:00Z",2140,,,0,,,,,,,,,,,,,,,"60",0,0,2140,0,2140,,0,0,"18357edfb40ad26a6d70d323e468123c43cf26a3",0,0,0,0,0,""
20210130,"AS",0,,2140,,"totalTestsViral",2140,,,,,,,,"12/1/2020 00:00","2020-12-01T00:00:00Z","11/30 19:00",0,,,"2020-12-01T00:00:00Z",2140,,,0,,,,,,,,,,,,,,,"60",0,0,2140,0,2140,,0,0,"f6bbaf6dd39ff36af855084efa0e2f97a9eed20d",0,0,0,0,0,""
20210129,"AS",0,,2140,,"totalTestsViral",2140,,,,,,,,"12/1/2020 00:00","2020-12-01T00:00:00Z","11/30 19:00",0,,,"2020-12-01T00:00:00Z",2140,,,0,,,,,,,,,,,,,,,"60",0,0,2140,0,2140,,0,0,"524eafb6ba1e5821d39529f458d3e0aa9f5ad2b1",0,0,0,0,0,""
20210128,"AS",0,,2140,,"totalTestsViral",2140,,,,,,,,"12/1/2020 00:00","2020-12-01T00:00:00Z","11/30 19:00",0,,,"2020-12-01T00:00:00Z",2140,,,0,,,,,,,,,,,,,,,"60",0,0,2140,0,2140,,0,0,"df7e4d22fa0c25bca21a6eebd20427a7d4b5fa9f",0,0,0,0,0,""
20210127,"AS",0,,2140,,"totalTestsViral",2140,,,,,,,,"12/1/2020 00:00","2020-12-01T00:00:00Z","11/30 19:00",0,,,"2020-12-01T00:00:00Z",2140,,,0,,,,,,,,,,,,,,,"60",0,0,2140,0,2140,,0,0,"9da87cd301d0731633a9ad5227403468b77129ba",0,0,0,0,0,""
20210126,"AS",0,,2140,,"totalTestsViral",2140,,,,,,,,"12/1/2020 00:00","2020-12-01T00:00:00Z","11/30 19:00",0,,,"2020-12-01T00:00:00Z",2140,,,0,,,,,,,,,,,,,,,"60",0,0,2140,0,2140,,0,0,"40f1c1fd937e3392e5b32539570cacb60085ffb5",0,0,0,0,0,""
20210125,"AS",0,,2140,,"totalTestsViral",2140,,,,,,,,"12/1/2020 00:00","2020-12-01T00:00:00Z","11/30 19:00",0,,,"2020-12-01T00:00:00Z",2140,,,0,,,,,,,,,,,,,,,"60",0,0,2140,0,2140,,0,0,"3d4b7ebed02976e091197990ec37b450ad3f7aa1",0,0,0,0,0,""
20210124,"AS",0,,2140,,"totalTestsViral",2140,,,,,,,,"12/1/2020 00:00","2020-12-01T00:00:00Z","11/30 19:00",0,,,"2020-12-01T00:00:00Z",2140,,,0,,,,,,,,,,,,,,,"60",0,0,2140,0,2140,,0,0,"5971d9d3a45ee24cd396834d691d97925b240c41",0,0,0,0,0,""
20210123,"AS",0,,2140,,"totalTestsViral",2140,,,,,,,,"12/1/2020 00:00","2020-12-01T00:00:00Z","11/30 19:00",0,,,"2020-12-01T00:00:00Z",2140,,,0,,,,,,,,,,,,,,,"60",0,0,2140,0,2140,,0,0,"8ef38dea4902c7990d5141f8aa16dca1d197d380",0,0,0,0,0,""
20210122,"AS",0,,2140,,"totalTestsViral",2140,,,,,,,,"12/1/2020 00:00","2020-12-01T00:00:00Z","11/30 19:00",0,,,"2020-12-01T00:00:00Z",2140,,,0,,,,,,,,,,,,,,,"60",0,0,2140,0,2140,,0,0,"2478fcd12b79597b460a5947e0550586a18f7b96",0,0,0,0,0,""
20210121,"AS",0,,2140,,"totalTestsViral",2140,,,,,,,,"12/1/2020 00:00","2020-12-01T00:00:00Z","11/30 19:00",0,,,"2020-12-01T00:00:00Z",2140,,,0,,,,,,,,,,,,,,,"60",0,0,2140,0,2140,,0,0,"f3b9526a07dc610d8414d13b2262209d1d9f1ddd",0,0,0,0,0,""
20210120,"AS",0,,2140,,"totalTestsViral",2140,,,,,,,,"12/1/2020 00:00","2020-12-01T00:00:00Z","11/30 19:00",0,,,"2020-12-01T00:00:00Z",2140,,,0,,,,,,,,,,,,,,,"60",0,0,2140,0,2140,,0,0,"d33fcc4a90bb8efbce815e1a3c0128b0e05bf478",0,0,0,0,0,""
20210119,"AS",0,,2140,,"totalTestsViral",2140,,,,,,,,"12/1/2020 00:00","2020-12-01T00:00:00Z","11/30 19:00",0,,,"2020-12-01T00:00:00Z",2140,,,0,,,,,,,,,,,,,,,"60",0,0,2140,0,2140,,0,0,"b6bab04ad153a298565791fc18ccc16b90825e09",0,0,0,0,0,""
20210118,"AS",0,,2140,,"totalTestsViral",2140,,,,,,,,"12/1/2020 00:00","2020-12-01T00:00:00Z","11/30 19:00",0,,,"2020-12-01T00:00:00Z",2140,,,0,,,,,,,,,,,,,,,"60",0,0,2140,0,2140,,0,0,"3ecf30b4cddf551211e7e35033068074489d6189",0,0,0,0,0,""
20210117,"AS",0,,2140,,"totalTestsViral",2140,,,,,,,,"12/1/2020 00:00","2020-12-01T00:00:00Z","11/30 19:00",0,,,"2020-12-01T00:00:00Z",2140,,,0,,,,,,,,,,,,,,,"60",0,0,2140,0,2140,,0,0,"5faf483af34efc15fd2a54323c8bb8110983086b",0,0,0,0,0,""
20210116,"AS",0,,2140,,"totalTestsViral",2140,,,,,,,,"12/1/2020 00:00","2020-12-01T00:00:00Z","11/30 19:00",0,,,"2020-12-01T00:00:00Z",2140,,,0,,,,,,,,,,,,,,,"60",0,0,2140,0,2140,,0,0,"dc38cd684af8eb92454c3a55edc3e587aa64de34",0,0,0,0,0,""
20210115,"AS",0,,2140,,"totalTestsViral",2140,,,,,,,,"12/1/2020 00:00","2020-12-01T00:00:00Z","11/30 19:00",0,,,"2020-12-01T00:00:00Z",2140,,,0,,,,,,,,,,,,,,,"60",0,0,2140,0,2140,,0,0,"706178a0f557934566a5d0d39bb506a89e938f4e",0,0,0,0,0,""
20210114,"AS",0,,2140,,"totalTestsViral",2140,,,,,,,,"12/1/2020 00:00","2020-12-01T00:00:00Z","11/30 19:00",0,,,"2020-12-01T00:00:00Z",2140,,,0,,,,,,,,,,,,,,,"60",0,0,2140,0,2140,,0,0,"085e818c58d99d5e3cdcdaf157476b3a267442b3",0,0,0,0,0,""
20210113,"AS",0,,2140,,"totalTestsViral",2140,,,,,,,,"12/1/2020 00:00","2020-12-01T00:00:00Z","11/30 19:00",0,,,"2020-12-01T00:00:00Z",2140,,,0,,,,,,,,,,,,,,,"60",0,0,2140,0,2140,,0,0,"b6ad6dce16f6a42c2292c6fea8e3b1b00727abf6",0,0,0,0,0,""
20210112,"AS",0,,2140,,"totalTestsViral",2140,,,,,,,,"12/1/2020 00:00","2020-12-01T00:00:00Z","11/30 19:00",0,,,"2020-12-01T00:00:00Z",2140,,,0,,,,,,,,,,,,,,,"60",0,0,2140,0,2140,,0,0,"ab98e5bfd2caa2433a2da4d4e133a0e9aa24ae70",0,0,0,0,0,""
20210111,"AS",0,,2140,,"totalTestsViral",2140,,,,,,,,"12/1/2020 00:00","2020-12-01T00:00:00Z","11/30 19:00",0,,,"2020-12-01T00:00:00Z",2140,,,0,,,,,,,,,,,,,,,"60",0,0,2140,0,2140,,0,0,"f6f53b96cca111a7e40ce71e48642a3eb117475f",0,0,0,0,0,""
20210110,"AS",0,,2140,,"totalTestsViral",2140,,,,,,,,"12/1/2020 00:00","2020-12-01T00:00:00Z","11/30 19:00",0,,,"2020-12-01T00:00:00Z",2140,,,0,,,,,,,,,,,,,,,"60",0,0,2140,0,2140,,0,0,"e80289b0ee1c3553a9b1c78f22aa8387306fb2b8",0,0,0,0,0,""
20210109,"AS",0,,2140,,"totalTestsViral",2140,,,,,,,,"12/1/2020 00:00","2020-12-01T00:00:00Z","11/30 19:00",0,,,"2020-12-01T00:00:00Z",2140,,,0,,,,,,,,,,,,,,,"60",0,0,2140,0,2140,,0,0,"10595fde227ab634c51d7971f4b43ed7d6754824",0,0,0,0,0,""
20210108,"AS",0,,2140,,"totalTestsViral",2140,,,,,,,,"12/1/2020 00:00","2020-12-01T00:00:00Z","11/30 19:00",0,,,"2020-12-01T00:00:00Z",2140,,,0,,,,,,,,,,,,,,,"60",0,0,2140,0,2140,,0,0,"33e780e17be2c6ed60e5f94e17a9c7461893108d",0,0,0,0,0,""
20210107,"AS",0,,2140,,"totalTestsViral",2140,,,,,,,,"12/1/2020 00:00","2020-12-01T00:00:00Z","11/30 19:00",0,,,"2020-12-01T00:00:00Z",2140,,,0,,,,,,,,,,,,,,,"60",0,0,2140,0,2140,,0,0,"c4c66f3e4e988a039a8e9d6444b74d90ec18fcae",0,0,0,0,0,""
20210106,"AS",0,,2140,,"totalTestsViral",2140,,,,,,,,"12/1/2020 00:00","2020-12-01T00:00:00Z","11/30 19:00",0,,,"2020-12-01T00:00:00Z",2140,,,0,,,,,,,,,,,,,,,"60",0,0,2140,0,2140,,0,0,"f1f8430dd95cfbb90fb0ac4b1018bfd672982142",0,0,0,0,0,""
20210105,"AS",0,,2140,,"totalTestsViral",2140,,,,,,,,"12/1/2020 00:00","2020-12-01T00:00:00Z","11/30 19:00",0,,,"2020-12-01T00:00:00Z",2140,,,0,,,,,,,,,,,,,,,"60",0,0,2140,0,2140,,0,0,"a37e80820a2230b19234f371d9cd8bfa4e104826",0,0,0,0,0,""
20210104,"AS",0,,2140,,"totalTestsViral",2140,,,,,,,,"12/1/2020 00:00","2020-12-01T00:00:00Z","11/30 19:00",0,,,"2020-12-01T00:00:00Z",2140,,,0,,,,,,,,,,,,,,,"60",0,0,2140,0,2140,,0,0,"e0661a1345f0c485a23e1f002d3d3a9fdc58e514",0,0,0,0,0,""
20210103,"AS",0,,2140,,"totalTestsViral",2140,,,,,,,,"12/1/2020 00:00","2020-12-01T00:00:00Z","11/30 19:00",0,,,"2020-12-01T00:00:00Z",2140,,,0,,,,,,,,,,,,,,,"60",0,0,2140,0,2140,,0,0,"d39cca364ccbcff6a7ccf8dc477567dfec58b594",0,0,0,0,0,""
20210102,"AS",0,,2140,,"totalTestsViral",2140,,,,,,,,"12/1/2020 00:00","2020-12-01T00:00:00Z","11/30 19:00",0,,,"2020-12-01T00:00:00Z",2140,,,0,,,,,,,,,,,,,,,"60",0,0,2140,0,2140,,0,0,"8e48e548eb0eb0859a5f84c6bba402a93cda534a",0,0,0,0,0,""
20210101,"AS",0,,2140,,"totalTestsViral",2140,,,,,,,,"12/1/2020 00:00","2020-12-01T00:00:00Z","11/30 19:00",0,,,"2020-12-01T00:00:00Z",2140,,,0,,,,,,,,,,,,,,,"60",0,0,2140,0,2140,,0,0,"c6374c5db62e65db1ee22e7cba450b21cea6a932",0,0,0,0,0,""
20201231,"AS",0,,2140,,"totalTestsViral",2140,,,,,,,,"12/1/2020 00:00","2020-12-01T00:00:00Z","11/30 19:00",0,,,"2020-12-01T00:00:00Z",2140,,,0,,,,,,,,,,,,,,,"60",0,0,2140,0,2140,,0,0,"10ea2cab531214247d5fefd53d06cd16f7098839",0,0,0,0,0,""
20201230,"AS",0,,2140,,"totalTestsViral",2140,,,,,,,,"12/1/2020 00:00","2020-12-01T00:00:00Z","11/30 19:00",0,,,"2020-12-01T00:00:00Z",2140,,,0,,,,,,,,,,,,,,,"60",0,0,2140,0,2140,,0,0,"635c8c7de3389738ff8d82ece8426551ddc4b7f9",0,0,0,0,0,""
20201229,"AS",0,,2140,,"totalTestsViral",2140,,,,,,,,"12/1/2020 00:00","2020-12-01T00:00:00Z","11/30 19:00",0,,,"2020-12-01T00:00:00Z",2140,,,0,,,,,,,,,,,,,,,"60",0,0,2140,0,2140,,0,0,"a0f83bc4cb6039ea9f997e42ce866a9d6496d5ee",0,0,0,0,0,""
20201228,"AS",0,,2140,,"totalTestsViral",2140,,,,,,,,"12/1/2020 00:00","2020-12-01T00:00:00Z","11/30 19:00",0,,,"2020-12-01T00:00:00Z",2140,,,0,,,,,,,,,,,,,,,"60",0,0,2140,0,2140,,0,0,"1c069a37e93a398558c6b480f82034c112d1d70b",0,0,0,0,0,""
20201227,"AS",0,,2140,,"totalTestsViral",2140,,,,,,,,"12/1/2020 00:00","2020-12-01T00:00:00Z","11/30 19:00",0,,,"2020-12-01T00:00:00Z",2140,,,0,,,,,,,,,,,,,,,"60",0,0,2140,0,2140,,0,0,"bd40c965e763268b28d73a48fa5b92f64f591a9f",0,0,0,0,0,""
20201226,"AS",0,,2140,,"totalTestsViral",2140,,,,,,,,"12/1/2020 00:00","2020-12-01T00:00:00Z","11/30 19:00",0,,,"2020-12-01T00:00:00Z",2140,,,0,,,,,,,,,,,,,,,"60",0,0,2140,0,2140,,0,0,"f5873f2a48d7e36ac7ca129b60d5af286dc93b99",0,0,0,0,0,""
20201225,"AS",0,,2140,,"totalTestsViral",2140,,,,,,,,"12/1/2020 00:00","2020-12-01T00:00:00Z","11/30 19:00",0,,,"2020-12-01T00:00:00Z",2140,,,0,,,,,,,,,,,,,,,"60",0,0,2140,0,2140,,0,0,"b7aba637116565e89bf4a086816f742501ed6aba",0,0,0,0,0,""
20201224,"AS",0,,2140,,"totalTestsViral",2140,,,,,,,,"12/1/2020 00:00","2020-12-01T00:00:00Z","11/30 19:00",0,,,"2020-12-01T00:00:00Z",2140,,,0,,,,,,,,,,,,,,,"60",0,0,2140,0,2140,,0,0,"e56bc0140b6dd61a560b432ff5653484319958b6",0,0,0,0,0,""
20201223,"AS",0,,2140,,"totalTestsViral",2140,,,,,,,,"12/1/2020 00:00","2020-12-01T00:00:00Z","11/30 19:00",0,,,"2020-12-01T00:00:00Z",2140,,,0,,,,,,,,,,,,,,,"60",0,0,2140,0,2140,,0,0,"6eb0fd11a5e54c8d391d053254509ea98e8001f8",0,0,0,0,0,""
20201222,"AS",0,,2140,,"totalTestsViral",2140,,,,,,,,"12/1/2020 00:00","2020-12-01T00:00:00Z","11/30 19:00",0,,,"2020-12-01T00:00:00Z",2140,,,0,,,,,,,,,,,,,,,"60",0,0,2140,0,2140,,0,0,"1b9d222aa0e6428604ba5dc00f19365ef50f734a",0,0,0,0,0,""
20201221,"AS",0,,2140,,"totalTestsViral",2140,,,,,,,,"12/1/2020 00:00","2020-12-01T00:00:00Z","11/30 19:00",0,,,"2020-12-01T00:00:00Z",2140,,,0,,,,,,,,,,,,,,,"60",0,0,2140,0,2140,,0,0,"cf067705404dcdbdef6055312a1b9860eccef0fe",0,0,0,0,0,""
20201220,"AS",0,,2140,,"totalTestsViral",2140,,,,,,,,"12/1/2020 00:00","2020-12-01T00:00:00Z","11/30 19:00",0,,,"2020-12-01T00:00:00Z",2140,,,0,,,,,,,,,,,,,,,"60",0,0,2140,0,2140,,0,0,"7dcb6c4667b5e897474147efb0337a1652d891c5",0,0,0,0,0,""
20201219,"AS",0,,2140,,"totalTestsViral",2140,,,,,,,,"12/1/2020 00:00","2020-12-01T00:00:00Z","11/30 19:00",0,,,"2020-12-01T00:00:00Z",2140,,,0,,,,,,,,,,,,,,,"60",0,0,2140,0,2140,,0,0,"6ceae018af24a20cbf93c42ca6accf48f5d84039",0,0,0,0,0,""
20201218,"AS",0,,2140,,"totalTestsViral",2140,,,,,,,,"12/1/2020 00:00","2020-12-01T00:00:00Z","11/30 19:00",0,,,"2020-12-01T00:00:00Z",2140,,,0,,,,,,,,,,,,,,,"60",0,0,2140,0,2140,,0,0,"cf6a1a0a27e985fe63bbed8e5c41d8cace3e69f4",0,0,0,0,0,""
20201217,"AS",0,,2140,,"totalTestsViral",2140,,,,,,,,"12/1/2020 00:00","2020-12-01T00:00:00Z","11/30 19:00",0,,,"2020-12-01T00:00:00Z",2140,,,0,,,,,,,,,,,,,,,"60",0,0,2140,0,2140,,0,0,"4e0da9c224ab341ed56e249e0aacc4b288edf8c4",0,0,0,0,0,""
20201216,"AS",0,,2140,,"totalTestsViral",2140,,,,,,,,"12/1/2020 00:00","2020-12-01T00:00:00Z","11/30 19:00",0,,,"2020-12-01T00:00:00Z",2140,,,0,,,,,,,,,,,,,,,"60",0,0,2140,0,2140,,0,0,"acd7d30141181159eacb8bfbe6d671d2195a43b1",0,0,0,0,0,""
20201215,"AS",0,,2140,,"totalTestsViral",2140,,,,,,,,"12/1/2020 00:00","2020-12-01T00:00:00Z","11/30 19:00",0,,,"2020-12-01T00:00:00Z",2140,,,0,,,,,,,,,,,,,,,"60",0,0,2140,0,2140,,0,0,"b1fe37e3b3a870577fbeb9a2583cc0617d0258aa",0,0,0,0,0,""
20201214,"AS",0,,2140,,"totalTestsViral",2140,,,,,,,,"12/1/2020 00:00","2020-12-01T00:00:00Z","11/30 19:00",0,,,"2020-12-01T00:00:00Z",2140,,,0,,,,,,,,,,,,,,,"60",0,0,2140,0,2140,,0,0,"dc992f41a66d8d6e4fedec9afc045ecf8fb11e46",0,0,0,0,0,""
20201213,"AS",0,,2140,,"totalTestsViral",2140,,,,,,,,"12/1/2020 00:00","2020-12-01T00:00:00Z","11/30 19:00",0,,,"2020-12-01T00:00:00Z",2140,,,0,,,,,,,,,,,,,,,"60",0,0,2140,0,2140,,0,0,"c8124935aad1e7e64cc1b345c68b3953fae0f11b",0,0,0,0,0,""
20201212,"AS",0,,2140,,"totalTestsViral",2140,,,,,,,,"12/1/2020 00:00","2020-12-01T00:00:00Z","11/30 19:00",0,,,"2020-12-01T00:00:00Z",2140,,,0,,,,,,,,,,,,,,,"60",0,0,2140,0,2140,,0,0,"b18b35585af7a4074374b2c06654d4e841c3d35e",0,0,0,0,0,""
20201211,"AS",0,,2140,,"totalTestsViral",2140,,,,,,,,"12/1/2020 00:00","2020-12-01T00:00:00Z","11/30 19:00",0,,,"2020-12-01T00:00:00Z",2140,,,0,,,,,,,,,,,,,,,"60",0,0,2140,0,2140,,0,0,"a9a440ee7580fc2d7f65451f4d2fb9096f117497",0,0,0,0,0,""
20201210,"AS",0,,2140,,"totalTestsViral",2140,,,,,,,,"12/1/2020 00:00","2020-12-01T00:00:00Z","11/30 19:00",0,,,"2020-12-01T00:00:00Z",2140,,,0,,,,,,,,,,,,,,,"60",0,0,2140,0,2140,,0,0,"bc672e5a6c9f6914246cbff849e3107849ebfd18",0,0,0,0,0,""
20201209,"AS",0,,2140,,"totalTestsViral",2140,,,,,,,,"12/1/2020 00:00","2020-12-01T00:00:00Z","11/30 19:00",0,,,"2020-12-01T00:00:00Z",2140,,,0,,,,,,,,,,,,,,,"60",0,0,2140,0,2140,,0,0,"bab818c9197d12a7fe258f392ca1236121cb619f",0,0,0,0,0,""
20201208,"AS",0,,2140,,"totalTestsViral",2140,,,,,,,,"12/1/2020 00:00","2020-12-01T00:00:00Z","11/30 19:00",0,,,"2020-12-01T00:00:00Z",2140,,,0,,,,,,,,,,,,,,,"60",0,0,2140,0,2140,,0,0,"5d1e89e9155ce5b34c0b9d826194ae6a73a9e6b8",0,0,0,0,0,""
20201207,"AS",0,,2140,,"totalTestsViral",2140,,,,,,,,"12/1/2020 00:00","2020-12-01T00:00:00Z","11/30 19:00",0,,,"2020-12-01T00:00:00Z",2140,,,0,,,,,,,,,,,,,,,"60",0,0,2140,0,2140,,0,0,"122bcfe8090762137f8bb6a1a58bde37c5230359",0,0,0,0,0,""
20201206,"AS",0,,2140,,"totalTestsViral",2140,,,,,,,,"12/1/2020 00:00","2020-12-01T00:00:00Z","11/30 19:00",0,,,"2020-12-01T00:00:00Z",2140,,,0,,,,,,,,,,,,,,,"60",0,0,2140,0,2140,,0,0,"11a938f6d1553c805c5dbd5119cce3d7dadb81dd",0,0,0,0,0,""
20201205,"AS",0,,2140,,"totalTestsViral",2140,,,,,,,,"12/1/2020 00:00","2020-12-01T00:00:00Z","11/30 19:00",0,,,"2020-12-01T00:00:00Z",2140,,,0,,,,,,,,,,,,,,,"60",0,0,2140,0,2140,,0,0,"e1ca363717c5fed25d5a12ed425809f8931c81cf",0,0,0,0,0,""
20201204,"AS",0,,2140,,"totalTestsViral",2140,,,,,,,,"11/29/2020 00:00","2020-11-29T00:00:00Z","11/28 19:00",0,,,"2020-11-29T00:00:00Z",2140,,,0,,,,,,,,,,,,,,,"60",0,152,2140,152,2140,,0,0,"c49ead80e1317edc62f3666328a92f2efe09d4af",0,0,0,0,0,""
20201203,"AS",0,,1988,,"totalTestsViral",1988,,,,,,,,"11/17/2020 00:00","2020-11-17T00:00:00Z","11/16 19:00",0,,,"2020-11-17T00:00:00Z",1988,,,0,,,,,,,,,,,,,,,"60",0,0,1988,0,1988,,0,0,"bed122f0dbdcb2aa216145ab06f8eb9b7fc5ca2d",0,0,0,0,0,""
20201202,"AS",0,,1988,,"totalTestsViral",1988,,,,,,,,"11/17/2020 00:00","2020-11-17T00:00:00Z","11/16 19:00",0,,,"2020-11-17T00:00:00Z",1988,,,0,,,,,,,,,,,,,,,"60",0,0,1988,0,1988,,0,0,"d86c5de286beba5442529c0dd78c83d63779176c",0,0,0,0,0,""
20201201,"AS",0,,1988,,"totalTestsViral",1988,,,,,,,,"11/17/2020 00:00","2020-11-17T00:00:00Z","11/16 19:00",0,,,"2020-11-17T00:00:00Z",1988,,,0,,,,,,,,,,,,,,,"60",0,0,1988,0,1988,,0,0,"b982de96274dcabfd4a4c9a6050efa00a25f3942",0,0,0,0,0,""
20201130,"AS",0,,1988,,"totalTestsViral",1988,,,,,,,,"11/17/2020 00:00","2020-11-17T00:00:00Z","11/16 19:00",0,,,"2020-11-17T00:00:00Z",1988,,,0,,,,,,,,,,,,,,,"60",0,0,1988,0,1988,,0,0,"e008541e192418b00c1ddf54c911273911e1e301",0,0,0,0,0,""
20201129,"AS",0,,1988,,"totalTestsViral",1988,,,,,,,,"11/17/2020 00:00","2020-11-17T00:00:00Z","11/16 19:00",0,,,"2020-11-17T00:00:00Z",1988,,,0,,,,,,,,,,,,,,,"60",0,0,1988,0,1988,,0,0,"a75fbd477cfa5e84072864836bf42ba3cdc0d82e",0,0,0,0,0,""
20201128,"AS",0,,1988,,"totalTestsViral",1988,,,,,,,,"11/17/2020 00:00","2020-11-17T00:00:00Z","11/16 19:00",0,,,"2020-11-17T00:00:00Z",1988,,,0,,,,,,,,,,,,,,,"60",0,0,1988,0,1988,,0,0,"496f36d18f83c0c14852abe55d93b7b4c7bdb1bf",0,0,0,0,0,""
20201127,"AS",0,,1988,,"totalTestsViral",1988,,,,,,,,"11/17/2020 00:00","2020-11-17T00:00:00Z","11/16 19:00",0,,,"2020-11-17T00:00:00Z",1988,,,0,,,,,,,,,,,,,,,"60",0,0,1988,0,1988,,0,0,"3c4c822c80fb3111599bb2ea1fd39f10b530e1e8",0,0,0,0,0,""
20201126,"AS",0,,1988,,"totalTestsViral",1988,,,,,,,,"11/17/2020 00:00","2020-11-17T00:00:00Z","11/16 19:00",0,,,"2020-11-17T00:00:00Z",1988,,,0,,,,,,,,,,,,,,,"60",0,0,1988,0,1988,,0,0,"7761cae98ee547cbe9c9ba16d42713cc4e8ab004",0,0,0,0,0,""
20201125,"AS",0,,1988,,"totalTestsViral",1988,,,,,,,,"11/17/2020 00:00","2020-11-17T00:00:00Z","11/16 19:00",0,,,"2020-11-17T00:00:00Z",1988,,,0,,,,,,,,,,,,,,,"60",0,0,1988,0,1988,,0,0,"67b7972c16bda40697b40bd99cc73e20500e103e",0,0,0,0,0,""
20201124,"AS",0,,1988,,"totalTestsViral",1988,,,,,,,,"11/17/2020 00:00","2020-11-17T00:00:00Z","11/16 19:00",0,,,"2020-11-17T00:00:00Z",1988,,,0,,,,,,,,,,,,,,,"60",0,0,1988,0,1988,,0,0,"678f377a68a601c7e1eb0469ff1607f321d8ad0c",0,0,0,0,0,""
20201123,"AS",0,,1988,,"totalTestsViral",1988,,,,,,,,"11/17/2020 00:00","2020-11-17T00:00:00Z","11/16 19:00",0,,,"2020-11-17T00:00:00Z",1988,,,0,,,,,,,,,,,,,,,"60",0,0,1988,0,1988,,0,0,"5f6b8303fb391091eff163d8569374ed0861034b",0,0,0,0,0,""
20201122,"AS",0,,1988,,"totalTestsViral",1988,,,,,,,,"11/17/2020 00:00","2020-11-17T00:00:00Z","11/16 19:00",0,,,"2020-11-17T00:00:00Z",1988,,,0,,,,,,,,,,,,,,,"60",0,0,1988,0,1988,,0,0,"f4f71deb3e299ad83445e0bfbd3e47e493b1b024",0,0,0,0,0,""
20201121,"AS",0,,1988,,"totalTestsViral",1988,,,,,,,,"11/17/2020 00:00","2020-11-17T00:00:00Z","11/16 19:00",0,,,"2020-11-17T00:00:00Z",1988,,,0,,,,,,,,,,,,,,,"60",0,0,1988,0,1988,,0,0,"5e87bb9a2902f778c2da09a3ab63286e67924186",0,0,0,0,0,""
20201120,"AS",0,,1988,,"totalTestsViral",1988,,,,,,,,"11/17/2020 00:00","2020-11-17T00:00:00Z","11/16 19:00",0,,,"2020-11-17T00:00:00Z",1988,,,0,,,,,,,,,,,,,,,"60",0,0,1988,0,1988,,0,0,"42a105bf28512f90d08b3d09bb9fe9e2d52871f1",0,0,0,0,0,""
20201119,"AS",0,,1988,,"totalTestsViral",1988,,,,,,,,"11/17/2020 00:00","2020-11-17T00:00:00Z","11/16 19:00",0,,,"2020-11-17T00:00:00Z",1988,,,0,,,,,,,,,,,,,,,"60",0,0,1988,0,1988,,0,0,"7ce96297ac9499a5bff7d37d555047b24b13006f",0,0,0,0,0,""
20201118,"AS",0,,1988,,"totalTestsViral",1988,,,,,,,,"11/17/2020 00:00","2020-11-17T00:00:00Z","11/16 19:00",0,,,"2020-11-17T00:00:00Z",1988,,,0,,,,,,,,,,,,,,,"60",0,0,1988,0,1988,,0,0,"c7d3f792e6ed2fde11e38857da1b00e4f88668a9",0,0,0,0,0,""
20201117,"AS",0,,1988,,"totalTestsViral",1988,,,,,,,,"11/17/2020 00:00","2020-11-17T00:00:00Z","11/16 19:00",0,,,"2020-11-17T00:00:00Z",1988,,,0,,,,,,,,,,,,,,,"60",0,220,1988,220,1988,,0,0,"ef88bd8b16740a76d04e4fc6d3a33dd1defd8c11",0,0,0,0,0,""
20201116,"AS",0,,1768,,"totalTestsViral",1768,,,,,,,,"11/1/2020 00:00","2020-11-01T00:00:00Z","10/31 20:00",0,,,"2020-11-01T00:00:00Z",1768,,,0,,,,,,,,,,,,,,,"60",0,0,1768,0,1768,,0,0,"2c5432265a4d809984026a5fa8661015c3edb544",0,0,0,0,0,""
20201115,"AS",0,,1768,,"totalTestsViral",1768,,,,,,,,"11/1/2020 00:00","2020-11-01T00:00:00Z","10/31 20:00",0,,,"2020-11-01T00:00:00Z",1768,,,0,,,,,,,,,,,,,,,"60",0,0,1768,0,1768,,0,0,"8c2f1fe2c81d2883bc503154bf5e22be50acd6d9",0,0,0,0,0,""
20201114,"AS",0,,1768,,"totalTestsViral",1768,,,,,,,,"11/1/2020 00:00","2020-11-01T00:00:00Z","10/31 20:00",0,,,"2020-11-01T00:00:00Z",1768,,,0,,,,,,,,,,,,,,,"60",0,0,1768,0,1768,,0,0,"a25711cb7d1bd315a0c80a5fa08a5063a7dff6a6",0,0,0,0,0,""
20201113,"AS",0,,1768,,"totalTestsViral",1768,,,,,,,,"11/1/2020 00:00","2020-11-01T00:00:00Z","10/31 20:00",0,,,"2020-11-01T00:00:00Z",1768,,,0,,,,,,,,,,,,,,,"60",0,0,1768,0,1768,,0,0,"b757582a3829b072786f424b206aa434ae438be8",0,0,0,0,0,""
20201112,"AS",0,,1768,,"totalTestsViral",1768,,,,,,,,"11/1/2020 00:00","2020-11-01T00:00:00Z","10/31 20:00",0,,,"2020-11-01T00:00:00Z",1768,,,0,,,,,,,,,,,,,,,"60",0,0,1768,0,1768,,0,0,"c6a57bda1e97177fceb5f80da20be90e602d3132",0,0,0,0,0,""
20201111,"AS",0,,1768,,"totalTestsViral",1768,,,,,,,,"11/1/2020 00:00","2020-11-01T00:00:00Z","10/31 20:00",0,,,"2020-11-01T00:00:00Z",1768,,,0,,,,,,,,,,,,,,,"60",0,0,1768,0,1768,,0,0,"f773d1eab029aa5f38cd03e9821a5eca85c4f884",0,0,0,0,0,""
20201110,"AS",0,,1768,,"totalTestsViral",1768,,,,,,,,"11/1/2020 00:00","2020-11-01T00:00:00Z","10/31 20:00",0,,,"2020-11-01T00:00:00Z",1768,,,0,,,,,,,,,,,,,,,"60",0,0,1768,0,1768,,0,0,"ae4223b81d287d5651ee4b7682fdb8e2cd1ec234",0,0,0,0,0,""
20201109,"AS",0,,1768,,"totalTestsViral",1768,,,,,,,,"11/1/2020 00:00","2020-11-01T00:00:00Z","10/31 20:00",0,,,"2020-11-01T00:00:00Z",1768,,,0,,,,,,,,,,,,,,,"60",0,0,1768,0,1768,,0,0,"bf262ed76319dac8f12653de17f8b6af09161107",0,0,0,0,0,""
20201108,"AS",0,,1768,,"totalTestsViral",1768,,,,,,,,"11/1/2020 00:00","2020-11-01T00:00:00Z","10/31 20:00",0,,,"2020-11-01T00:00:00Z",1768,,,0,,,,,,,,,,,,,,,"60",0,0,1768,0,1768,,0,0,"4f66a9e4bca0ca2f2640cd48906d9ddd8c63015d",0,0,0,0,0,""
20201107,"AS",0,,1768,,"totalTestsViral",1768,,,,,,,,"11/1/2020 00:00","2020-11-01T00:00:00Z","10/31 20:00",0,,,"2020-11-01T00:00:00Z",1768,,,0,,,,,,,,,,,,,,,"60",0,0,1768,0,1768,,0,0,"b6baca5903bfa437a2f9ea5f88ba6e7807fe23b0",0,0,0,0,0,""
20201106,"AS",0,,1768,,"totalTestsViral",1768,,,,,,,,"11/1/2020 00:00","2020-11-01T00:00:00Z","10/31 20:00",0,,,"2020-11-01T00:00:00Z",1768,,,0,,,,,,,,,,,,,,,"60",0,0,1768,0,1768,,0,0,"afc3aacf2ea5df8fdf7435a177e2b3d4342ac75c",0,0,0,0,0,""
20201105,"AS",0,,1768,,"totalTestsViral",1768,,,,,,,,"11/1/2020 00:00","2020-11-01T00:00:00Z","10/31 20:00",0,,,"2020-11-01T00:00:00Z",1768,,,0,,,,,,,,,,,,,,,"60",0,0,1768,0,1768,,0,0,"1121557e3f8584f451affe8c1e97be37a0c51531",0,0,0,0,0,""
20201104,"AS",0,,1768,,"totalTestsViral",1768,,,,,,,,"11/1/2020 00:00","2020-11-01T00:00:00Z","10/31 20:00",0,,,"2020-11-01T00:00:00Z",1768,,,0,,,,,,,,,,,,,,,"60",0,0,1768,0,1768,,0,0,"6d96b9c29a9c2937686ed80d984d226ce360b377",0,0,0,0,0,""
20201103,"AS",0,,1768,,"totalTestsViral",1768,,,,,,,,"11/1/2020 00:00","2020-11-01T00:00:00Z","10/31 20:00",0,,,"2020-11-01T00:00:00Z",1768,,,0,,,,,,,,,,,,,,,"60",0,0,1768,0,1768,,0,0,"0a7c25f04f207e0452e65c52952910469951c638",0,0,0,0,0,""
20201102,"AS",0,,1768,,"totalTestsViral",1768,,,,,,,,"11/1/2020 00:00","2020-11-01T00:00:00Z","10/31 20:00",0,,,"2020-11-01T00:00:00Z",1768,,,0,,,,,,,,,,,,,,,"60",0,152,1768,152,1768,,0,0,"9fb1403aa6089060605e8d3603467736dc9e7561",0,0,0,0,0,""
20201101,"AS",0,,1616,,"totalTestsViral",1616,,,,,,,,"10/1/2020 00:00","2020-10-01T00:00:00Z","09/30 20:00",0,,,"2020-10-01T00:00:00Z",1616,,,0,,,,,,,,,,,,,,,"60",0,0,1616,0,1616,,0,0,"fc1873835019bdbbe2a301df28d5feb889aad705",0,0,0,0,0,""
20201031,"AS",0,,1616,,"totalTestsViral",1616,,,,,,,,"10/1/2020 00:00","2020-10-01T00:00:00Z","09/30 20:00",0,,,"2020-10-01T00:00:00Z",1616,,,0,,,,,,,,,,,,,,,"60",0,0,1616,0,1616,,0,0,"140ef32c3f72e96db5efde74fec6238636080706",0,0,0,0,0,""
20201030,"AS",0,,1616,,"totalTestsViral",1616,,,,,,,,"10/1/2020 00:00","2020-10-01T00:00:00Z","09/30 20:00",0,,,"2020-10-01T00:00:00Z",1616,,,0,,,,,,,,,,,,,,,"60",0,0,1616,0,1616,,0,0,"60f147be90b044e3252090b5088c74dbd4e796a4",0,0,0,0,0,""
20201029,"AS",0,,1616,,"totalTestsViral",1616,,,,,,,,"10/1/2020 00:00","2020-10-01T00:00:00Z","09/30 20:00",0,,,"2020-10-01T00:00:00Z",1616,,,0,,,,,,,,,,,,,,,"60",0,0,1616,0,1616,,0,0,"5d4ecdda10cd36f09bdf622b6b974fa83433cfff",0,0,0,0,0,""
20201028,"AS",0,,1616,,"totalTestsViral",1616,,,,,,,,"10/1/2020 00:00","2020-10-01T00:00:00Z","09/30 20:00",0,,,"2020-10-01T00:00:00Z",1616,,,0,,,,,,,,,,,,,,,"60",0,0,1616,0,1616,,0,0,"57ff649d7851d00cd49b91382bf460974fff4345",0,0,0,0,0,""
20201027,"AS",0,,1616,,"totalTestsViral",1616,,,,,,,,"10/1/2020 00:00","2020-10-01T00:00:00Z","09/30 20:00",0,,,"2020-10-01T00:00:00Z",1616,,,0,,,,,,,,,,,,,,,"60",0,0,1616,0,1616,,0,0,"28481f56c58dcc0b6cadc4be78b5dd571fb9a18a",0,0,0,0,0,""
20201026,"AS",0,,1616,,"totalTestsViral",1616,,,,,,,,"10/1/2020 00:00","2020-10-01T00:00:00Z","09/30 20:00",0,,,"2020-10-01T00:00:00Z",1616,,,0,,,,,,,,,,,,,,,"60",0,0,1616,0,1616,,0,0,"c99103d79c588f7973cffe58da97d0d1dce9e08a",0,0,0,0,0,""
20201025,"AS",0,,1616,,"totalTestsViral",1616,,,,,,,,"10/1/2020 00:00","2020-10-01T00:00:00Z","09/30 20:00",0,,,"2020-10-01T00:00:00Z",1616,,,0,,,,,,,,,,,,,,,"60",0,0,1616,0,1616,,0,0,"489f4a4be53bb0a64c5a54ccebc69d26c76ac2de",0,0,0,0,0,""
20201024,"AS",0,,1616,,"totalTestsViral",1616,,,,,,,,"10/1/2020 00:00","2020-10-01T00:00:00Z","09/30 20:00",0,,,"2020-10-01T00:00:00Z",1616,,,0,,,,,,,,,,,,,,,"60",0,0,1616,0,1616,,0,0,"ee34f386b386fd244787e1229f0493f1c626827b",0,0,0,0,0,""
20201023,"AS",0,,1616,,"totalTestsViral",1616,,,,,,,,"10/1/2020 00:00","2020-10-01T00:00:00Z","09/30 20:00",0,,,"2020-10-01T00:00:00Z",1616,,,0,,,,,,,,,,,,,,,"60",0,0,1616,0,1616,,0,0,"24b9bc73231c3575ccca60006853c1251b2a87d7",0,0,0,0,0,""
20201022,"AS",0,,1616,,"totalTestsViral",1616,,,,,,,,"10/1/2020 00:00","2020-10-01T00:00:00Z","09/30 20:00",0,,,"2020-10-01T00:00:00Z",1616,,,0,,,,,,,,,,,,,,,"60",0,0,1616,0,1616,,0,0,"f82b47fcc0d2a30bd868b0fffca91a9d3ab498d9",0,0,0,0,0,""
20201021,"AS",0,,1616,,"totalTestsViral",1616,,,,,,,,"10/1/2020 00:00","2020-10-01T00:00:00Z","09/30 20:00",0,,,"2020-10-01T00:00:00Z",1616,,,0,,,,,,,,,,,,,,,"60",0,0,1616,0,1616,,0,0,"2ce62696a5920170c1be62486660f0e81a53d8af",0,0,0,0,0,""
20201020,"AS",0,,1616,,"totalTestsViral",1616,,,,,,,,"10/1/2020 00:00","2020-10-01T00:00:00Z","09/30 20:00",0,,,"2020-10-01T00:00:00Z",1616,,,0,,,,,,,,,,,,,,,"60",0,0,1616,0,1616,,0,0,"b416648e62743b4dc40362ee645ee9cf94254d18",0,0,0,0,0,""
20201019,"AS",0,,1616,,"totalTestsViral",1616,,,,,,,,"10/1/2020 00:00","2020-10-01T00:00:00Z","09/30 20:00",0,,,"2020-10-01T00:00:00Z",1616,,,0,,,,,,,,,,,,,,,"60",0,0,1616,0,1616,,0,0,"765c32a2c6dbc4df9829320c1065238d93e0d112",0,0,0,0,0,""
20201018,"AS",0,,1616,,"totalTestsViral",1616,,,,,,,,"10/1/2020 00:00","2020-10-01T00:00:00Z","09/30 20:00",0,,,"2020-10-01T00:00:00Z",1616,,,0,,,,,,,,,,,,,,,"60",0,0,1616,0,1616,,0,0,"2888dfc44f85b911beb30fa0d535b51d379898ab",0,0,0,0,0,""
20201017,"AS",0,,1616,,"totalTestsViral",1616,,,,,,,,"10/1/2020 00:00","2020-10-01T00:00:00Z","09/30 20:00",0,,,"2020-10-01T00:00:00Z",1616,,,0,,,,,,,,,,,,,,,"60",0,0,1616,0,1616,,0,0,"025e6eb8c37219bfd7c2f1320db9827156cd376b",0,0,0,0,0,""
20201016,"AS",0,,1616,,"totalTestsViral",1616,,,,,,,,"10/1/2020 00:00","2020-10-01T00:00:00Z","09/30 20:00",0,,,"2020-10-01T00:00:00Z",1616,,,0,,,,,,,,,,,,,,,"60",0,0,1616,0,1616,,0,0,"10b8ff7688ab4404d19b7969891cfb8e04605543",0,0,0,0,0,""
20201015,"AS",0,,1616,,"totalTestsViral",1616,,,,,,,,"10/1/2020 00:00","2020-10-01T00:00:00Z","09/30 20:00",0,,,"2020-10-01T00:00:00Z",1616,,,0,,,,,,,,,,,,,,,"60",0,0,1616,0,1616,,0,0,"9c3d3ebe768daa58a398944498179ad27a114780",0,0,0,0,0,""
20201014,"AS",0,,1616,,"totalTestsViral",1616,,,,,,,,"10/1/2020 00:00","2020-10-01T00:00:00Z","09/30 20:00",0,,,"2020-10-01T00:00:00Z",1616,,,0,,,,,,,,,,,,,,,"60",0,0,1616,0,1616,,0,0,"2c56ed7c6954be424ee0877e5c9c7478b2cae8ec",0,0,0,0,0,""
20201013,"AS",0,,1616,,"totalTestsViral",1616,,,,,,,,"10/1/2020 00:00","2020-10-01T00:00:00Z","09/30 20:00",0,,,"2020-10-01T00:00:00Z",1616,,,0,,,,,,,,,,,,,,,"60",0,0,1616,0,1616,,0,0,"0e52d98946657e55b3cbfb69cdc6dd4f5b6efb07",0,0,0,0,0,""
20201012,"AS",0,,1616,,"totalTestsViral",1616,,,,,,,,"10/1/2020 00:00","2020-10-01T00:00:00Z","09/30 20:00",0,,,"2020-10-01T00:00:00Z",1616,,,0,,,,,,,,,,,,,,,"60",0,0,1616,0,1616,,0,0,"a0c675c02c5f5ee5c5d2cf105becfd228bd9ef32",0,0,0,0,0,""
20201011,"AS",0,,1616,,"totalTestsViral",1616,,,,,,,,"10/1/2020 00:00","2020-10-01T00:00:00Z","09/30 20:00",0,,,"2020-10-01T00:00:00Z",1616,,,0,,,,,,,,,,,,,,,"60",0,0,1616,0,1616,,0,0,"2065b4ef0ab49b6554ed181997f91d288d1a8173",0,0,0,0,0,""
20201010,"AS",0,,1616,,"totalTestsViral",1616,,,,,,,,"10/1/2020 00:00","2020-10-01T00:00:00Z","09/30 20:00",0,,,"2020-10-01T00:00:00Z",1616,,,0,,,,,,,,,,,,,,,"60",0,0,1616,0,1616,,0,0,"9ff004334c80c485b69b4cf4b6433c613e3b7c43",0,0,0,0,0,""
20201009,"AS",0,,1616,,"totalTestsViral",1616,,,,,,,,"10/1/2020 00:00","2020-10-01T00:00:00Z","09/30 20:00",0,,,"2020-10-01T00:00:00Z",1616,,,0,,,,,,,,,,,,,,,"60",0,0,1616,0,1616,,0,0,"e7fd0ca310ac98b0fd5ba5eb7033fc65a2a6d3c8",0,0,0,0,0,""
20201008,"AS",0,,1616,,"totalTestsViral",1616,,,,,,,,"10/1/2020 00:00","2020-10-01T00:00:00Z","09/30 20:00",0,,,"2020-10-01T00:00:00Z",1616,,,0,,,,,,,,,,,,,,,"60",0,0,1616,0,1616,,0,0,"287bdaf29e2e2a545c7a14cc953ed0179b8c4e8b",0,0,0,0,0,""
20201007,"AS",0,,1616,,"totalTestsViral",1616,,,,,,,,"10/1/2020 00:00","2020-10-01T00:00:00Z","09/30 20:00",0,,,"2020-10-01T00:00:00Z",1616,,,0,,,,,,,,,,,,,,,"60",0,0,1616,0,1616,,0,0,"1d607ceeb25c551104e625665035347a6517718f",0,0,0,0,0,""
20201006,"AS",0,,1616,,"totalTestsViral",1616,,,,,,,,"10/1/2020 00:00","2020-10-01T00:00:00Z","09/30 20:00",0,,,"2020-10-01T00:00:00Z",1616,,,0,,,,,,,,,,,,,,,"60",0,0,1616,0,1616,,0,0,"533ede62b7f1ad04a2d87e78b663bb11dedd867f",0,0,0,0,0,""
20201005,"AS",0,,1616,,"totalTestsViral",1616,,,,,,,,"10/1/2020 00:00","2020-10-01T00:00:00Z","09/30 20:00",0,,,"2020-10-01T00:00:00Z",1616,,,0,,,,,,,,,,,,,,,"60",0,0,1616,0,1616,,0,0,"db4642e4ca2a6918fb8589f4e301e96a9be432c9",0,0,0,0,0,""
20201004,"AS",0,,1616,,"totalTestsViral",1616,,,,,,,,"10/1/2020 00:00","2020-10-01T00:00:00Z","09/30 20:00",0,,,"2020-10-01T00:00:00Z",1616,,,0,,,,,,,,,,,,,,,"60",0,0,1616,0,1616,,0,0,"68c7b166ce4f44fd07d0e9176dd41135fc0f48ec",0,0,0,0,0,""
20201003,"AS",0,,1616,,"totalTestsViral",1616,,,,,,,,"10/1/2020 00:00","2020-10-01T00:00:00Z","09/30 20:00",0,,,"2020-10-01T00:00:00Z",1616,,,0,,,,,,,,,,,,,,,"60",0,0,1616,0,1616,,0,0,"2bffd041020357ce6438e6054e101234186f4f19",0,0,0,0,0,""
20201002,"AS",0,,1616,,"totalTestsViral",1616,,,,,,,,"10/1/2020 00:00","2020-10-01T00:00:00Z","09/30 20:00",0,,,"2020-10-01T00:00:00Z",1616,,,0,,,,,,,,,,,,,,,"60",0,45,1616,45,1616,,0,0,"be6486153dffcc9d586d5c2a54f0000e1d71aac0",0,0,0,0,0,""
20201001,"AS",0,,1571,,"totalTestsViral",1571,,,,,,,,"9/1/2020 00:00","2020-09-01T00:00:00Z","08/31 20:00",0,,,"2020-09-01T00:00:00Z",1571,,,0,,,,,,,,,,,,,,,"60",0,0,1571,0,1571,,0,0,"048dffe2e75f52bc69e86eb8451ce51efa7be485",0,0,0,0,0,""
20200930,"AS",0,,1571,,"totalTestsViral",1571,,,,,,,,"9/1/2020 00:00","2020-09-01T00:00:00Z","08/31 20:00",0,,,"2020-09-01T00:00:00Z",1571,,,0,,,,,,,,,,,,,,,"60",0,0,1571,0,1571,,0,0,"94640a2c15901b6b128cdd741c18cef35bdfe127",0,0,0,0,0,""
20200929,"AS",0,,1571,,"totalTestsViral",1571,,,,,,,,"9/1/2020 00:00","2020-09-01T00:00:00Z","08/31 20:00",0,,,"2020-09-01T00:00:00Z",1571,,,0,,,,,,,,,,,,,,,"60",0,0,1571,0,1571,,0,0,"97013e54a512ba52534b0c0c5e975e149d6740bc",0,0,0,0,0,""
20200928,"AS",0,,1571,,"totalTestsViral",1571,,,,,,,,"9/1/2020 00:00","2020-09-01T00:00:00Z","08/31 20:00",0,,,"2020-09-01T00:00:00Z",1571,,,0,,,,,,,,,,,,,,,"60",0,0,1571,0,1571,,0,0,"2c7b26d53e2f008c5eb392e468c2395872bfad69",0,0,0,0,0,""
20200927,"AS",0,,1571,,"totalTestsViral",1571,,,,,,,,"9/1/2020 00:00","2020-09-01T00:00:00Z","08/31 20:00",0,,,"2020-09-01T00:00:00Z",1571,,,0,,,,,,,,,,,,,,,"60",0,0,1571,0,1571,,0,0,"86356deaf7ac187e323425822c9b4704af354953",0,0,0,0,0,""
20200926,"AS",0,,1571,,"totalTestsViral",1571,,,,,,,,"9/1/2020 00:00","2020-09-01T00:00:00Z","08/31 20:00",0,,,"2020-09-01T00:00:00Z",1571,,,0,,,,,,,,,,,,,,,"60",0,0,1571,0,1571,,0,0,"4af0bde7143a857a03488485a641be3d87c09c92",0,0,0,0,0,""
20200925,"AS",0,,1571,,"totalTestsViral",1571,,,,,,,,"9/1/2020 00:00","2020-09-01T00:00:00Z","08/31 20:00",0,,,"2020-09-01T00:00:00Z",1571,,,0,,,,,,,,,,,,,,,"60",0,0,1571,0,1571,,0,0,"ca57b64b1fa30e21f514c05c918efd7e12efedc3",0,0,0,0,0,""
20200924,"AS",0,,1571,,"totalTestsViral",1571,,,,,,,,"9/1/2020 00:00","2020-09-01T00:00:00Z","08/31 20:00",0,,,"2020-09-01T00:00:00Z",1571,,,0,,,,,,,,,,,,,,,"60",0,0,1571,0,1571,,0,0,"dfb1ed2aa523ef70fb7e54ecf68dba9cef94c13a",0,0,0,0,0,""
20200923,"AS",0,,1571,,"totalTestsViral",1571,,,,,,,,"9/1/2020 00:00","2020-09-01T00:00:00Z","08/31 20:00",0,,,"2020-09-01T00:00:00Z",1571,,,0,,,,,,,,,,,,,,,"60",0,0,1571,0,1571,,0,0,"42e4110f8a3e6447c9c2f99a7ce4ec84de49a50e",0,0,0,0,0,""
20200922,"AS",0,,1571,,"totalTestsViral",1571,,,,,,,,"9/1/2020 00:00","2020-09-01T00:00:00Z","08/31 20:00",0,,,"2020-09-01T00:00:00Z",1571,,,0,,,,,,,,,,,,,,,"60",0,0,1571,0,1571,,0,0,"656fb90842d7a47b352db8029d67e93181cc8ba6",0,0,0,0,0,""
20200921,"AS",0,,1571,,"totalTestsViral",1571,,,,,,,,"9/1/2020 00:00","2020-09-01T00:00:00Z","08/31 20:00",0,,,"2020-09-01T00:00:00Z",1571,,,0,,,,,,,,,,,,,,,"60",0,0,1571,0,1571,,0,0,"b86cf52e2562e17f062c6769cb095ca4e17c415e",0,0,0,0,0,""
20200920,"AS",0,,1571,,"totalTestsViral",1571,,,,,,,,"9/1/2020 00:00","2020-09-01T00:00:00Z","08/31 20:00",0,,,"2020-09-01T00:00:00Z",1571,,,0,,,,,,,,,,,,,,,"60",0,0,1571,0,1571,,0,0,"b448fcb45b433deeb3ae8ef46a5d9f81aa0b3f90",0,0,0,0,0,""
20200919,"AS",0,,1571,,"totalTestsViral",1571,,,,,,,,"9/1/2020 00:00","2020-09-01T00:00:00Z","08/31 20:00",0,,,"2020-09-01T00:00:00Z",1571,,,0,,,,,,,,,,,,,,,"60",0,0,1571,0,1571,,0,0,"075eb05cb1be698b102d375faaf232aa862a8658",0,0,0,0,0,""
20200918,"AS",0,,1571,,"totalTestsViral",1571,,,,,,,,"9/1/2020 00:00","2020-09-01T00:00:00Z","08/31 20:00",0,,,"2020-09-01T00:00:00Z",1571,,,0,,,,,,,,,,,,,,,"60",0,0,1571,0,1571,,0,0,"6deb31bae1d3e7900f4a861eefd9cafbff2cc96b",0,0,0,0,0,""
20200917,"AS",0,,1571,,"totalTestsViral",1571,,,,,,,,"9/1/2020 00:00","2020-09-01T00:00:00Z","08/31 20:00",0,,,"2020-09-01T00:00:00Z",1571,,,0,,,,,,,,,,,,,,,"60",0,0,1571,0,1571,,0,0,"b29af83d8e7968872615ff94b25b6a75e2bad90d",0,0,0,0,0,""
20200916,"AS",0,,1571,,"totalTestsViral",1571,,,,,,,,"9/1/2020 00:00","2020-09-01T00:00:00Z","08/31 20:00",0,,,"2020-09-01T00:00:00Z",1571,,,0,,,,,,,,,,,,,,,"60",0,0,1571,0,1571,,0,0,"a9e2a181687b2a2489fe48e485405dfe995da8ff",0,0,0,0,0,""
20200915,"AS",0,,1571,,"totalTestsViral",1571,,,,,,,,"9/1/2020 00:00","2020-09-01T00:00:00Z","08/31 20:00",0,,,"2020-09-01T00:00:00Z",1571,,,0,,,,,,,,,,,,,,,"60",0,0,1571,0,1571,,0,0,"3a4d75ab12ef726d000fd71be025fc8b053acd7f",0,0,0,0,0,""
20200914,"AS",0,,1571,,"totalTestsViral",1571,,,,,,,,"9/1/2020 00:00","2020-09-01T00:00:00Z","08/31 20:00",0,,,"2020-09-01T00:00:00Z",1571,,,0,,,,,,,,,,,,,,,"60",0,0,1571,0,1571,,0,0,"d08a33dd4b58305b7bfd941265783646e46d9893",0,0,0,0,0,""
20200913,"AS",0,,1571,,"totalTestsViral",1571,,,,,,,,"9/1/2020 00:00","2020-09-01T00:00:00Z","08/31 20:00",0,,,"2020-09-01T00:00:00Z",1571,,,0,,,,,,,,,,,,,,,"60",0,0,1571,0,1571,,0,0,"c858b7bd956b77b67bbeaebf256c49faa550eb98",0,0,0,0,0,""
20200912,"AS",0,,1571,,"totalTestsViral",1571,,,,,,,,"9/1/2020 00:00","2020-09-01T00:00:00Z","08/31 20:00",0,,,"2020-09-01T00:00:00Z",1571,,,0,,,,,,,,,,,,,,,"60",0,0,1571,0,1571,,0,0,"9dd5ce603625bc5740cdf8d24902cb38303a8034",0,0,0,0,0,""
20200911,"AS",0,,1571,,"totalTestsViral",1571,,,,,,,,"9/1/2020 00:00","2020-09-01T00:00:00Z","08/31 20:00",0,,,"2020-09-01T00:00:00Z",1571,,,0,,,,,,,,,,,,,,,"60",0,0,1571,0,1571,,0,0,"da29abc0d28a4e820a7a3d51d894abefa4edb340",0,0,0,0,0,""
20200910,"AS",0,,1571,,"totalTestsViral",1571,,,,,,,,"9/1/2020 00:00","2020-09-01T00:00:00Z","08/31 20:00",0,,,"2020-09-01T00:00:00Z",1571,,,0,,,,,,,,,,,,,,,"60",0,0,1571,0,1571,,0,0,"7024db8e140d121f15c846b0e7d9ada2fcd2883e",0,0,0,0,0,""
20200909,"AS",0,,1571,,"totalTestsViral",1571,,,,,,,,"9/1/2020 00:00","2020-09-01T00:00:00Z","08/31 20:00",0,,,"2020-09-01T00:00:00Z",1571,,,0,,,,,,,,,,,,,,,"60",0,0,1571,0,1571,,0,0,"e0cf2cac69dd763578baee9ecd1365c248413fe2",0,0,0,0,0,""
20200908,"AS",0,,1571,,"totalTestsViral",1571,,,,,,,,"9/1/2020 00:00","2020-09-01T00:00:00Z","08/31 20:00",0,,,"2020-09-01T00:00:00Z",1571,,,0,,,,,,,,,,,,,,,"60",0,57,1571,57,1571,,0,0,"38a939bd1061b0f3970a2658d289dbf30b45d162",0,0,0,0,0,""
20200907,"AS",0,,1514,,"totalTestsViral",1514,,,,,,,,"8/15/2020 00:00","2020-08-15T00:00:00Z","08/14 20:00",0,,,"2020-08-15T00:00:00Z",1514,,,0,,,,,,,,,,,,,,,"60",0,0,1514,0,1514,,0,0,"0e97fd56e19011bb423dd6fba627785a2e30bb46",0,0,0,0,0,""
20200906,"AS",0,,1514,,"totalTestsViral",1514,,,,,,,,"8/15/2020 00:00","2020-08-15T00:00:00Z","08/14 20:00",0,,,"2020-08-15T00:00:00Z",1514,,,0,,,,,,,,,,,,,,,"60",0,0,1514,0,1514,,0,0,"2de195960f78d6ffc4810e64b8c10b251707ad80",0,0,0,0,0,""
20200905,"AS",0,,1514,,"totalTestsViral",1514,,,,,,,,"8/15/2020 00:00","2020-08-15T00:00:00Z","08/14 20:00",0,,,"2020-08-15T00:00:00Z",1514,,,0,,,,,,,,,,,,,,,"60",0,0,1514,0,1514,,0,0,"30d0fd642097c215740a854ab4e322ec26ba23ac",0,0,0,0,0,""
20200904,"AS",0,,1514,,"totalTestsViral",1514,,,,,,,,"8/15/2020 00:00","2020-08-15T00:00:00Z","08/14 20:00",0,,,"2020-08-15T00:00:00Z",1514,,,0,,,,,,,,,,,,,,,"60",0,0,1514,0,1514,,0,0,"8e3615f38f7f649cf85bfbd453e6d6a8e74ec496",0,0,0,0,0,""
20200903,"AS",0,,1514,,"totalTestsViral",1514,,,,,,,,"8/15/2020 00:00","2020-08-15T00:00:00Z","08/14 20:00",0,,,"2020-08-15T00:00:00Z",1514,,,0,,,,,,,,,,,,,,,"60",0,0,1514,0,1514,,0,0,"fa472567c647877ea497a0c86c81085b86134043",0,0,0,0,0,""
20200902,"AS",0,,1514,,"totalTestsViral",1514,,,,,,,,"8/15/2020 00:00","2020-08-15T00:00:00Z","08/14 20:00",0,,,"2020-08-15T00:00:00Z",1514,,,0,,,,,,,,,,,,,,,"60",0,0,1514,0,1514,,0,0,"5ed30626e61d459b51726116234454c5437dd0c6",0,0,0,0,0,""
20200901,"AS",0,,1514,,"totalTestsViral",1514,,,,,,,,"8/15/2020 00:00","2020-08-15T00:00:00Z","08/14 20:00",0,,,"2020-08-15T00:00:00Z",1514,,,0,,,,,,,,,,,,,,,"60",0,0,1514,0,1514,,0,0,"7001bcb6d2619a5368d9ef683cfc1530103b8708",0,0,0,0,0,""
20200831,"AS",0,,1514,,"totalTestsViral",1514,,,,,,,,"8/15/2020 00:00","2020-08-15T00:00:00Z","08/14 20:00",0,,,"2020-08-15T00:00:00Z",1514,,,0,,,,,,,,,,,,,,,"60",0,0,1514,0,1514,,0,0,"88288e34501ff8a8c0dd139fce1ac6c5b77eb71a",0,0,0,0,0,""
20200830,"AS",0,,1514,,"totalTestsViral",1514,,,,,,,,"8/15/2020 00:00","2020-08-15T00:00:00Z","08/14 20:00",0,,,"2020-08-15T00:00:00Z",1514,,,0,,,,,,,,,,,,,,,"60",0,0,1514,0,1514,,0,0,"bbcdaf1e5c91023422b7b8c988db0c80f0833fbb",0,0,0,0,0,""
20200829,"AS",0,,1514,,"totalTestsViral",1514,,,,,,,,"8/15/2020 00:00","2020-08-15T00:00:00Z","08/14 20:00",0,,,"2020-08-15T00:00:00Z",1514,,,0,,,,,,,,,,,,,,,"60",0,0,1514,0,1514,,0,0,"f0edeb5c4e8db0cf019b2d98f51ffc69075050fc",0,0,0,0,0,""
20200828,"AS",0,,1514,,"totalTestsViral",1514,,,,,,,,"8/15/2020 00:00","2020-08-15T00:00:00Z","08/14 20:00",0,,,"2020-08-15T00:00:00Z",1514,,,0,,,,,,,,,,,,,,,"60",0,0,1514,0,1514,,0,0,"00aa893fef18e3fb46fc1b9c41c4bf7b7e035073",0,0,0,0,0,""
20200827,"AS",0,,1514,,"totalTestsViral",1514,,,,,,,,"8/15/2020 00:00","2020-08-15T00:00:00Z","08/14 20:00",0,,,"2020-08-15T00:00:00Z",1514,,,0,,,,,,,,,,,,,,,"60",0,0,1514,0,1514,,0,0,"1908c439ec21c9d4f7b5e3efc873677d5b4347de",0,0,0,0,0,""
20200826,"AS",0,,1514,,"totalTestsViral",1514,,,,,,,,"8/15/2020 00:00","2020-08-15T00:00:00Z","08/14 20:00",0,,,"2020-08-15T00:00:00Z",1514,,,0,,,,,,,,,,,,,,,"60",0,0,1514,0,1514,,0,0,"f807d6c62593c63efded5bbc25c0d45a7b9f9222",0,0,0,0,0,""
20200825,"AS",0,,1514,,"totalTestsViral",1514,,,,,,,,"8/15/2020 00:00","2020-08-15T00:00:00Z","08/14 20:00",0,,,"2020-08-15T00:00:00Z",1514,,,0,,,,,,,,,,,,,,,"60",0,0,1514,0,1514,,0,0,"f5d9a8587c28a7009a550245afc84a1966d4072d",0,0,0,0,0,""
20200824,"AS",0,,1514,,"totalTestsViral",1514,,,,,,,,"8/15/2020 00:00","2020-08-15T00:00:00Z","08/14 20:00",0,,,"2020-08-15T00:00:00Z",1514,,,0,,,,,,,,,,,,,,,"60",0,0,1514,0,1514,,0,0,"39eadd2455a8ad9a5872739bd8a80368d2c01c3a",0,0,0,0,0,""
20200823,"AS",0,,1514,,"totalTestsViral",1514,,,,,,,,"8/15/2020 00:00","2020-08-15T00:00:00Z","08/14 20:00",0,,,"2020-08-15T00:00:00Z",1514,,,0,,,,,,,,,,,,,,,"60",0,0,1514,0,1514,,0,0,"43303313f88edb29e79aa7780c028bbddca42bf2",0,0,0,0,0,""
20200822,"AS",0,,1514,,"totalTestsViral",1514,,,,,,,,"8/15/2020 00:00","2020-08-15T00:00:00Z","08/14 20:00",0,,,"2020-08-15T00:00:00Z",1514,,,0,,,,,,,,,,,,,,,"60",0,0,1514,0,1514,,0,0,"3affa4dd3f0a95d6d03454bc51d8edd9b6af2f16",0,0,0,0,0,""
20200821,"AS",0,,1514,,"totalTestsViral",1514,,,,,,,,"8/15/2020 00:00","2020-08-15T00:00:00Z","08/14 20:00",0,,,"2020-08-15T00:00:00Z",1514,,,0,,,,,,,,,,,,,,,"60",0,0,1514,0,1514,,0,0,"7555883fcb4696003c2cf48711391c8bc2658059",0,0,0,0,0,""
20200820,"AS",0,,1514,,"totalTestsViral",1514,,,,,,,,"8/15/2020 00:00","2020-08-15T00:00:00Z","08/14 20:00",0,,,"2020-08-15T00:00:00Z",1514,,,0,,,,,,,,,,,,,,,"60",0,0,1514,0,1514,,0,0,"6cbe3dd0d45339f8858e481fca9534e50d392481",0,0,0,0,0,""
20200819,"AS",0,,1514,,"totalTestsViral",1514,,,,,,,,"8/15/2020 00:00","2020-08-15T00:00:00Z","08/14 20:00",0,,,"2020-08-15T00:00:00Z",1514,,,0,,,,,,,,,,,,,,,"60",0,0,1514,0,1514,,0,0,"c59355e8f731d0f2d3dc7191ec43246d9296fb9a",0,0,0,0,0,""
20200818,"AS",0,,1514,,"totalTestsViral",1514,,,,,,,,"8/15/2020 00:00","2020-08-15T00:00:00Z","08/14 20:00",0,,,"2020-08-15T00:00:00Z",1514,,,0,,,,,,,,,,,,,,,"60",0,0,1514,0,1514,,0,0,"23a9bfb79adaf50016de47a36b5a12cf5cd6b581",0,0,0,0,0,""
20200817,"AS",0,,1514,,"totalTestsViral",1514,,,,,,,,"8/15/2020 00:00","2020-08-15T00:00:00Z","08/14 20:00",0,,,"2020-08-15T00:00:00Z",1514,,,0,,,,,,,,,,,,,,,"60",0,0,1514,0,1514,,0,0,"66514d4dd4e795abcbf694b0e16f783d24065f00",0,0,0,0,0,""
20200816,"AS",0,,1514,,"totalTestsViral",1514,,,,,,,,"8/15/2020 00:00","2020-08-15T00:00:00Z","08/14 20:00",0,,,"2020-08-15T00:00:00Z",1514,,,0,,,,,,,,,,,,,,,"60",0,0,1514,0,1514,,0,0,"cec45e563e8889d1d3b5ddab5a6f47f0d4273986",0,0,0,0,0,""
20200815,"AS",0,,1514,,"totalTestsViral",1514,,,,,,,,"8/15/2020 00:00","2020-08-15T00:00:00Z","08/14 20:00",0,,,"2020-08-15T00:00:00Z",1514,,,0,,,,,,,,,,,,,,,"60",0,118,1514,118,1514,,0,0,"234e9da36c502b04a3060fb6eec171814d761775",0,0,0,0,0,""
20200814,"AS",0,,1396,,"totalTestsViral",1396,,,,,,,,"8/5/2020 00:00","2020-08-05T00:00:00Z","08/04 20:00",0,,,"2020-08-05T00:00:00Z",1396,,,0,,,,,,,,,,,,,,,"60",0,0,1396,0,1396,,0,0,"a0bb244a76c43f4a71e42927d2acd1332afafbbc",0,0,0,0,0,""
20200813,"AS",0,,1396,,"totalTestsViral",1396,,,,,,,,"8/5/2020 00:00","2020-08-05T00:00:00Z","08/04 20:00",0,,,"2020-08-05T00:00:00Z",1396,,,0,,,,,,,,,,,,,,,"60",0,0,1396,0,1396,,0,0,"39f01479586ff8aff48e39cac3dea342367407e4",0,0,0,0,0,""
20200812,"AS",0,,1396,,"totalTestsViral",1396,,,,,,,,"7/24/2020 00:00","2020-07-24T00:00:00Z","07/23 20:00",0,,,"2020-07-24T00:00:00Z",1396,,,0,,,,,,,,,,,,,,,"60",0,0,1396,0,1396,,0,0,"8b455d9717f440041539f9af6f012348d70d87a7",0,0,0,0,0,""
20200811,"AS",0,,1396,,"totalTestsViral",1396,,,,,,,,"7/24/2020 00:00","2020-07-24T00:00:00Z","07/23 20:00",0,,,"2020-07-24T00:00:00Z",1396,,,0,,,,,,,,,,,,,,,"60",0,0,1396,0,1396,,0,0,"acbd5d31cc0f32bc0d66f77b2334b57f235b244a",0,0,0,0,0,""
20200810,"AS",0,,1396,,"totalTestsViral",1396,,,,,,,,"7/24/2020 00:00","2020-07-24T00:00:00Z","07/23 20:00",0,,,"2020-07-24T00:00:00Z",1396,,,0,,,,,,,,,,,,,,,"60",0,0,1396,0,1396,,0,0,"da8614f5a9f1e76b469d39917d5d69fb80602a3d",0,0,0,0,0,""
20200809,"AS",0,,1396,,"totalTestsViral",1396,,,,,,,,"7/24/2020 00:00","2020-07-24T00:00:00Z","07/23 20:00",0,,,"2020-07-24T00:00:00Z",1396,,,0,,,,,,,,,,,,,,,"60",0,0,1396,0,1396,,0,0,"5877494b091c17093bbf40f32b47ab54ec6f9429",0,0,0,0,0,""
20200808,"AS",0,,1396,,"totalTestsViral",1396,,,,,,,,"7/24/2020 00:00","2020-07-24T00:00:00Z","07/23 20:00",0,,,"2020-07-24T00:00:00Z",1396,,,0,,,,,,,,,,,,,,,"60",0,0,1396,0,1396,,0,0,"35253ca21eeb117e241c27917d96762e7b70b6fb",0,0,0,0,0,""
20200807,"AS",0,,1396,,"totalTestsViral",1396,,,,,,,,"7/24/2020 00:00","2020-07-24T00:00:00Z","07/23 20:00",0,,,"2020-07-24T00:00:00Z",1396,,,0,,,,,,,,,,,,,,,"60",0,0,1396,0,1396,,0,0,"506dcba1452f0ad430c684a9fa56ae2bfd3a8e76",0,0,0,0,0,""
20200806,"AS",0,,1396,,"totalTestsViral",1396,,,,,,,,"7/24/2020 00:00","2020-07-24T00:00:00Z","07/23 20:00",0,,,"2020-07-24T00:00:00Z",1396,,,0,,,,,,,,,,,,,,,"60",0,0,1396,0,1396,,0,0,"5705aff1fdae45dd9b48411c6a0c133da4510d12",0,0,0,0,0,""
20200805,"AS",0,,1396,,"totalTestsViral",1396,,,,,,,,"7/24/2020 00:00","2020-07-24T00:00:00Z","07/23 20:00",0,,,"2020-07-24T00:00:00Z",1396,,,0,,,,,,,,,,,,,,,"60",0,129,1396,129,1396,,0,0,"17f518c0cd06f13d2d5a0e3973c0cd7dca35374d",0,0,0,0,0,""
20200804,"AS",0,,1267,,"totalTestsViral",1267,,,,,,,,"7/23/2020 00:00","2020-07-23T00:00:00Z","07/22 20:00",0,,,"2020-07-23T00:00:00Z",1267,,,0,,,,,,,,,,,,,,,"60",0,0,1267,0,1267,,0,0,"5ec10f93a6fc717aaa42c72d46891f3ad918ac93",0,0,0,0,0,""
20200803,"AS",0,,1267,,"totalTestsViral",1267,,,,,,,,"7/23/2020 00:00","2020-07-23T00:00:00Z","07/22 20:00",0,,,"2020-07-23T00:00:00Z",1267,,,0,,,,,,,,,,,,,,,"60",0,0,1267,0,1267,,0,0,"17352dfda8a470532795e7552e250a985496d9c6",0,0,0,0,0,""
20200802,"AS",0,,1267,,"totalTestsViral",1267,,,,,,,,"7/23/2020 00:00","2020-07-23T00:00:00Z","07/22 20:00",0,,,"2020-07-23T00:00:00Z",1267,,,0,,,,,,,,,,,,,,,"60",0,0,1267,0,1267,,0,0,"27a1d644ffa24f050e4de765c22627e2a3916335",0,0,0,0,0,""
20200801,"AS",0,,1267,,"totalTestsViral",1267,,,,,,,,"7/23/2020 00:00","2020-07-23T00:00:00Z","07/22 20:00",0,,,"2020-07-23T00:00:00Z",1267,,,0,,,,,,,,,,,,,,,"60",0,230,1267,230,1267,,0,0,"1321685327969057c4d85068f9432bfd6176dc7c",0,0,0,0,0,""
20200731,"AS",0,,1037,,"totalTestsViral",1037,,,,,,,,"7/16/2020 00:00","2020-07-16T00:00:00Z","07/15 20:00",0,,,"2020-07-16T00:00:00Z",1037,,,0,,,,,,,,,,,,,,,"60",0,0,1037,0,1037,,0,0,"61d3c2f3621efa901ef78b0945d98cf8d6a77793",0,0,0,0,0,""
20200730,"AS",0,,1037,,"totalTestsViral",1037,,,,,,,,"7/16/2020 00:00","2020-07-16T00:00:00Z","07/15 20:00",0,,,"2020-07-16T00:00:00Z",1037,,,0,,,,,,,,,,,,,,,"60",0,0,1037,0,1037,,0,0,"ea89190008fe5fd55e95ff521af4b3bb774a368b",0,0,0,0,0,""
20200729,"AS",0,,1037,,"totalTestsViral",1037,,,,,,,,"7/16/2020 00:00","2020-07-16T00:00:00Z","07/15 20:00",0,,,"2020-07-16T00:00:00Z",1037,,,0,,,,,,,,,,,,,,,"60",0,0,1037,0,1037,,0,0,"c74f9bc30bc94a18c8f8f3ca9d413056d148448c",0,0,0,0,0,""
20200728,"AS",0,,1037,,"totalTestsViral",1037,,,,,,,,"7/16/2020 00:00","2020-07-16T00:00:00Z","07/15 20:00",0,,,"2020-07-16T00:00:00Z",1037,,,0,,,,,,,,,,,,,,,"60",0,0,1037,0,1037,,0,0,"813dfb9fb3a19d35b15d3b92d4e69bd0af843200",0,0,0,0,0,""
20200727,"AS",0,,1037,,"totalTestsViral",1037,,,,,,,,"7/16/2020 00:00","2020-07-16T00:00:00Z","07/15 20:00",0,,,"2020-07-16T00:00:00Z",1037,,,0,,,,,,,,,,,,,,,"60",0,0,1037,0,1037,,0,0,"34513b5b16439c6395d20391a26f17318e429ff7",0,0,0,0,0,""
20200726,"AS",0,,1037,,"totalTestsViral",1037,,,,,,,,"7/16/2020 00:00","2020-07-16T00:00:00Z","07/15 20:00",0,,,"2020-07-16T00:00:00Z",1037,,,0,,,,,,,,,,,,,,,"60",0,0,1037,0,1037,,0,0,"1dfb641f437b2e98fdc48234c1854e643b2fb7c0",0,0,0,0,0,""
20200725,"AS",0,,1037,,"totalTestsViral",1037,,,,,,,,"7/16/2020 00:00","2020-07-16T00:00:00Z","07/15 20:00",0,,,"2020-07-16T00:00:00Z",1037,,,0,,,,,,,,,,,,,,,"60",0,0,1037,0,1037,,0,0,"f73dbf4633175f651c240f69195cfa59d2bd7b07",0,0,0,0,0,""
20200724,"AS",0,,1037,,"totalTestsViral",1037,,,,,,,,"7/16/2020 00:00","2020-07-16T00:00:00Z","07/15 20:00",0,,,"2020-07-16T00:00:00Z",1037,,,0,,,,,,,,,,,,,,,"60",0,0,1037,0,1037,,0,0,"e0caa5b32c284d563d7c7bb4aab29d26b8fdb27c",0,0,0,0,0,""
20200723,"AS",0,,1037,,"totalTestsViral",1037,,,,,,,,"7/16/2020 00:00","2020-07-16T00:00:00Z","07/15 20:00",0,,,"2020-07-16T00:00:00Z",1037,,,0,,,,,,,,,,,,,,,"60",0,0,1037,0,1037,,0,0,"23c28080d2578d70a80c5bfc48c84faa773753d2",0,0,0,0,0,""
20200722,"AS",0,,1037,,"totalTestsViral",1037,,,,,,,,"7/16/2020 00:00","2020-07-16T00:00:00Z","07/15 20:00",0,,,"2020-07-16T00:00:00Z",1037,,,0,,,,,,,,,,,,,,,"60",0,0,1037,0,1037,,0,0,"7b2b0c495d8278962f30d9eb949ba692d269e1f5",0,0,0,0,0,""
20200721,"AS",0,,1037,,"totalTestsViral",1037,,,,,,,,"7/16/2020 00:00","2020-07-16T00:00:00Z","07/15 20:00",0,,,"2020-07-16T00:00:00Z",1037,,,0,,,,,,,,,,,,,,,"60",0,0,1037,0,1037,,0,0,"777676c5dc3c771fef7e319fa1f82225e00d8833",0,0,0,0,0,""
20200720,"AS",0,,1037,,"totalTestsViral",1037,,,,,,,,"7/16/2020 00:00","2020-07-16T00:00:00Z","07/15 20:00",0,,,"2020-07-16T00:00:00Z",1037,,,0,,,,,,,,,,,,,,,"60",0,0,1037,0,1037,,0,0,"7b3ebe39a1898f1808eb415aa8fb6a10e97e5eae",0,0,0,0,0,""
20200719,"AS",0,,1037,,"totalTestsViral",1037,,,,,,,,"7/16/2020 00:00","2020-07-16T00:00:00Z","07/15 20:00",0,,,"2020-07-16T00:00:00Z",1037,,,0,,,,,,,,,,,,,,,"60",0,0,1037,0,1037,,0,0,"cf7e28957a46ebbf71b5744c20ba944ef2217682",0,0,0,0,0,""
20200718,"AS",0,,1037,,"totalTestsViral",1037,,,,,,,,"7/16/2020 00:00","2020-07-16T00:00:00Z","07/15 20:00",0,,,"2020-07-16T00:00:00Z",1037,,,0,,,,,,,,,,,,,,,"60",0,0,1037,0,1037,,0,0,"a3d7049a0c6fb00b9029fb90a8ac8e75117ca01d",0,0,0,0,0,""
20200717,"AS",0,,1037,,"totalTestsViral",1037,,,,,,,,"7/16/2020 00:00","2020-07-16T00:00:00Z","07/15 20:00",0,,,"2020-07-16T00:00:00Z",1037,,,0,,,,,,,,,,,,,,,"60",0,0,1037,0,1037,,0,0,"f1de8978560c15cec63a763034c248ca2efc3c3b",0,0,0,0,0,""
20200716,"AS",0,,1037,,"totalTestsViral",1037,,,,,,,,"7/16/2020 00:00","2020-07-16T00:00:00Z","07/15 20:00",0,,,"2020-07-16T00:00:00Z",1037,,,0,,,,,,,,,,,,,,,"60",0,221,1037,221,1037,,0,0,"d97ba2cf1060983f4bb41a53f8453f383fe56672",0,0,0,0,0,""
20200715,"AS",0,,816,,"totalTestsViral",816,,,,,,,,"7/1/2020 00:00","2020-07-01T00:00:00Z","06/30 20:00",0,,,"2020-07-01T00:00:00Z",816,,,0,,,,,,,,,,,,,,,"60",0,0,816,0,816,,0,0,"c53cab37bdfcfc9aefc39a3c558f821577f85133",0,0,0,0,0,""
20200714,"AS",0,,816,,"totalTestsViral",816,,,,,,,,"7/1/2020 00:00","2020-07-01T00:00:00Z","06/30 20:00",0,,,"2020-07-01T00:00:00Z",816,,,0,,,,,,,,,,,,,,,"60",0,0,816,0,816,,0,0,"22d1a18fda4f37781c1db40aae1acfdaa84f0ab9",0,0,0,0,0,""
20200713,"AS",0,,816,,"totalTestsViral",816,,,,,,,,"7/1/2020 00:00","2020-07-01T00:00:00Z","06/30 20:00",0,,,"2020-07-01T00:00:00Z",816,,,0,,,,,,,,,,,,,,,"60",0,0,816,0,816,,0,0,"492a0409fca98c562b37385806b901f8af9ee6fd",0,0,0,0,0,""
20200712,"AS",0,,816,,"totalTestsViral",816,,,,,,,,"7/1/2020 00:00","2020-07-01T00:00:00Z","06/30 20:00",0,,,"2020-07-01T00:00:00Z",816,,,0,,,,,,,,,,,,,,,"60",0,0,816,0,816,,0,0,"73b73eca3b83b45e8d178eab4d9b36ce92464195",0,0,0,0,0,""
20200711,"AS",0,,816,,"totalTestsViral",816,,,,,,,,"7/1/2020 00:00","2020-07-01T00:00:00Z","06/30 20:00",0,,,"2020-07-01T00:00:00Z",816,,,0,,,,,,,,,,,,,,,"60",0,0,816,0,816,,0,0,"52f09309e4ddf07243ed9c54f27d8d7621833cc5",0,0,0,0,0,""
20200710,"AS",0,,816,,"totalTestsViral",816,,,,,,,,"7/1/2020 00:00","2020-07-01T00:00:00Z","06/30 20:00",0,,,"2020-07-01T00:00:00Z",816,,,0,,,,,,,,,,,,,,,"60",0,0,816,0,816,,0,0,"630468a2d75f43a7d0430b6b7989a31a25b8fa51",0,0,0,0,0,""
20200709,"AS",0,,816,,"totalTestsViral",816,,,,,,,,"7/1/2020 00:00","2020-07-01T00:00:00Z","06/30 20:00",0,,,"2020-07-01T00:00:00Z",816,,,0,,,,,,,,,,,,,,,"60",0,0,816,0,816,,0,0,"1e1b3866617a398c81e36c5c3a37b902061f4f89",0,0,0,0,0,""
20200708,"AS",0,,816,,"totalTestsViral",816,,,,,,,,"7/1/2020 00:00","2020-07-01T00:00:00Z","06/30 20:00",0,,,"2020-07-01T00:00:00Z",816,,,0,,,,,,,,,,,,,,,"60",0,120,816,120,816,,0,0,"5239eb66e9ae5eb79a00486451c18925818420da",0,0,0,0,0,""
20200707,"AS",0,,696,,"totalTestsViral",696,,,,,,,,"7/1/2020 00:00","2020-07-01T00:00:00Z","06/30 20:00",0,,,"2020-07-01T00:00:00Z",696,,,0,,,,,,,,,,,,,,,"60",0,0,696,0,696,,0,0,"fb3a494142ce175debb4cc556adb26399a9dfb36",0,0,0,0,0,""
20200706,"AS",0,,696,,"totalTestsViral",696,,,,,,,,"7/1/2020 00:00","2020-07-01T00:00:00Z","06/30 20:00",0,,,"2020-07-01T00:00:00Z",696,,,0,,,,,,,,,,,,,,,"60",0,0,696,0,696,,0,0,"eeebfb712748627e4abe5477e1102a90e9944c5d",0,0,0,0,0,""
20200705,"AS",0,,696,,"totalTestsViral",696,,,,,,,,"7/1/2020 00:00","2020-07-01T00:00:00Z","06/30 20:00",0,,,"2020-07-01T00:00:00Z",696,,,0,,,,,,,,,,,,,,,"60",0,0,696,0,696,,0,0,"b77c9aceeb3e50e06e2120375a689c95350192d4",0,0,0,0,0,""
20200704,"AS",0,,696,,"totalTestsViral",696,,,,,,,,"7/1/2020 00:00","2020-07-01T00:00:00Z","06/30 20:00",0,,,"2020-07-01T00:00:00Z",696,,,0,,,,,,,,,,,,,,,"60",0,0,696,0,696,,0,0,"5672928f57176d2ffacedb3f25a89fa5f0aa60f5",0,0,0,0,0,""
20200703,"AS",0,,696,,"totalTestsViral",696,,,,,,,,"7/1/2020 00:00","2020-07-01T00:00:00Z","06/30 20:00",0,,,"2020-07-01T00:00:00Z",696,,,0,,,,,,,,,,,,,,,"60",0,0,696,0,696,,0,0,"37b9251b562a6a4f98457cd8b9f4dcc7f1b4ca19",0,0,0,0,0,""
20200702,"AS",0,,696,,"totalTestsViral",696,,,,,,,,"6/27/2020 00:00","2020-06-27T00:00:00Z","06/26 20:00",0,,,"2020-06-27T00:00:00Z",696,,,0,,,,,,,,,,,,,,,"60",0,0,696,0,696,,0,0,"a2d2e8417746756c3a946d234c80fdbdc067aedf",0,0,0,0,0,""
20200701,"AS",0,,696,,"totalTestsViral",696,,,,,,,,"6/27/2020 00:00","2020-06-27T00:00:00Z","06/26 20:00",0,,,"2020-06-27T00:00:00Z",696,,,0,,,,,,,,,,,,,,,"60",0,0,696,0,696,,0,0,"09740c39aebd88d7725878c7b41536f5a4234e39",0,0,0,0,0,""
20200630,"AS",0,,696,,"totalTestsViral",696,,,,,,,,"6/27/2020 00:00","2020-06-27T00:00:00Z","06/26 20:00",0,,,"2020-06-27T00:00:00Z",696,,,0,,,,,,,,,,,,,,,"60",0,0,696,0,696,,0,0,"96ec5c2dbec6f79bd1238b7db03ac02eb58727a2",0,0,0,0,0,""
20200629,"AS",0,,696,,"totalTestsViral",696,,,,,,,,"6/27/2020 00:00","2020-06-27T00:00:00Z","06/26 20:00",0,,,"2020-06-27T00:00:00Z",696,,,0,,,,,,,,,,,,,,,"60",0,0,696,0,696,,0,0,"216b584e60db6d4bc15c90b98395b6bdc8d6fbe2",0,0,0,0,0,""
20200628,"AS",0,,696,,"totalTestsViral",696,,,,,,,,"6/27/2020 00:00","2020-06-27T00:00:00Z","06/26 20:00",0,,,"2020-06-27T00:00:00Z",696,,,0,,,,,,,,,,,,,,,"60",0,0,696,0,696,,0,0,"faacfb0580558064c2823103b53f014ee25cc97d",0,0,0,0,0,""
20200627,"AS",0,,696,,"totalTestsViral",696,,,,,,,,"6/27/2020 00:00","2020-06-27T00:00:00Z","06/26 20:00",0,,,"2020-06-27T00:00:00Z",696,,,0,,,,,,,,,,,,,,,"60",0,0,696,0,696,,0,0,"89e65c8ce45059b61adfa7a542d92068d4374967",0,0,0,0,0,""
20200626,"AS",0,,696,,"totalTestsViral",696,,,,,,,,"6/25/2020 00:00","2020-06-25T00:00:00Z","06/24 20:00",0,,,"2020-06-25T00:00:00Z",696,,,0,,,,,,,,,,,,,,,"60",0,0,696,0,696,,0,0,"39ab1aecde7794ebbee38fc182253c5a8e1bec43",0,0,0,0,0,""
20200625,"AS",0,,696,,"totalTestsViral",696,,,,,,,,"6/25/2020 00:00","2020-06-25T00:00:00Z","06/24 20:00",0,,,"2020-06-25T00:00:00Z",696,,,0,,,,,,,,,,,,,,,"60",0,522,696,522,696,,0,0,"f7add72a2cb73fd6f60a5c9b0ffab25a5307a95f",0,0,0,0,0,""
20200624,"AS",0,,174,,"totalTestsViral",174,,,,,,,,"6/1/2020 00:00","2020-06-01T00:00:00Z","05/31 20:00",0,,,"2020-06-01T00:00:00Z",174,,,0,,,,,,,,,,,,,,,"60",0,0,174,0,174,,0,0,"29625613a1d165cadbfdea42517234df760b4e04",0,0,0,0,0,""
20200623,"AS",0,,174,,"totalTestsViral",174,,,,,,,,"6/1/2020 00:00","2020-06-01T00:00:00Z","05/31 20:00",0,,,"2020-06-01T00:00:00Z",174,,,0,,,,,,,,,,,,,,,"60",0,0,174,0,174,,0,0,"f81391837133f6cdabb8a9e2613572b4c28c6cf5",0,0,0,0,0,""
20200622,"AS",0,,174,,"totalTestsViral",174,,,,,,,,"6/1/2020 00:00","2020-06-01T00:00:00Z","05/31 20:00",0,,,"2020-06-01T00:00:00Z",174,,,0,,,,,,,,,,,,,,,"60",0,0,174,0,174,,0,0,"06405408da03c1634e32e1f09693c4d65f3e0f40",0,0,0,0,0,""
20200621,"AS",0,,174,,"totalTestsViral",174,,,,,,,,"6/1/2020 00:00","2020-06-01T00:00:00Z","05/31 20:00",0,,,"2020-06-01T00:00:00Z",174,,,0,,,,,,,,,,,,,,,"60",0,0,174,0,174,,0,0,"ac3f5f38e13bc6ea34908b19a1e38c797008a3cc",0,0,0,0,0,""
20200620,"AS",0,,174,,"totalTestsViral",174,,,,,,,,"6/1/2020 00:00","2020-06-01T00:00:00Z","05/31 20:00",0,,,"2020-06-01T00:00:00Z",174,,,0,,,,,,,,,,,,,,,"60",0,0,174,0,174,,0,0,"1301c7baa8275cff8fa4b1449f95b64d0a2e592e",0,0,0,0,0,""
20200619,"AS",0,,174,,"totalTestsViral",174,,,,,,,,"6/1/2020 00:00","2020-06-01T00:00:00Z","05/31 20:00",0,,,"2020-06-01T00:00:00Z",174,,,0,,,,,,,,,,,,,,,"60",0,0,174,0,174,,0,0,"838db3eba8d977792c421c34389b35139af197d4",0,0,0,0,0,""
20200618,"AS",0,,174,,"totalTestsViral",174,,,,,,,,"6/1/2020 00:00","2020-06-01T00:00:00Z","05/31 20:00",0,,,"2020-06-01T00:00:00Z",174,,,0,,,,,,,,,,,,,,,"60",0,0,174,0,174,,0,0,"eb4c68d9c3a425a7224ebd79e36b3bf6cda90162",0,0,0,0,0,""
20200617,"AS",0,,174,,"totalTestsViral",174,,,,,,,,"6/1/2020 00:00","2020-06-01T00:00:00Z","05/31 20:00",0,,,"2020-06-01T00:00:00Z",174,,,0,,,,,,,,,,,,,,,"60",0,0,174,0,174,,0,0,"fa14619392148af37fa17d9a8011b95a43776aa0",0,0,0,0,0,""
20200616,"AS",0,,174,,"totalTestsViral",174,,,,,,,,"6/1/2020 00:00","2020-06-01T00:00:00Z","05/31 20:00",0,,,"2020-06-01T00:00:00Z",174,,,0,,,,,,,,,,,,,,,"60",0,0,174,0,174,,0,0,"08763ae9600e4387cbb82a3a4255b137468d420d",0,0,0,0,0,""
20200615,"AS",0,,174,,"totalTestsViral",174,,,,,,,,"6/1/2020 00:00","2020-06-01T00:00:00Z","05/31 20:00",0,,,"2020-06-01T00:00:00Z",174,,,0,,,,,,,,,,,,,,,"60",0,0,174,0,174,,0,0,"6095ea99e678a948b31a489ec28f22bbdd9d985f",0,0,0,0,0,""
20200614,"AS",0,,174,,"totalTestsViral",174,,,,,,,,"6/1/2020 00:00","2020-06-01T00:00:00Z","05/31 20:00",0,,,"2020-06-01T00:00:00Z",174,,,0,,,,,,,,,,,,,,,"60",0,0,174,0,174,,0,0,"a27101edb1007b6b47481688a0d389818fe0511e",0,0,0,0,0,""
20200613,"AS",0,,174,,"totalTestsViral",174,,,,,,,,"6/1/2020 00:00","2020-06-01T00:00:00Z","05/31 20:00",0,,,"2020-06-01T00:00:00Z",174,,,0,,,,,,,,,,,,,,,"60",0,0,174,0,174,,0,0,"1f273dd74c0364464c8db434faf4841bb547358a",0,0,0,0,0,""
20200612,"AS",0,,174,,"totalTestsViral",174,,,,,,,,"6/1/2020 00:00","2020-06-01T00:00:00Z","05/31 20:00",0,,,"2020-06-01T00:00:00Z",174,,,0,,,,,,,,,,,,,,,"60",0,0,174,0,174,,0,0,"8492789991299e546957c7e8d739e5405ddce271",0,0,0,0,0,""
20200611,"AS",0,,174,,"totalTestsViral",174,,,,,,,,"6/1/2020 00:00","2020-06-01T00:00:00Z","05/31 20:00",0,,,"2020-06-01T00:00:00Z",174,,,0,,,,,,,,,,,,,,,"60",0,0,174,0,174,,0,0,"4e36a08abbc3d2a26675de296e4fbbcad68f27ab",0,0,0,0,0,""
20200610,"AS",0,,174,,"totalTestsViral",174,,,,,,,,"6/1/2020 00:00","2020-06-01T00:00:00Z","05/31 20:00",0,,,"2020-06-01T00:00:00Z",174,,,0,,,,,,,,,,,,,,,"60",0,0,174,0,174,,0,0,"27b8ea0f6e68f335983dd847524609758447695a",0,0,0,0,0,""
20200609,"AS",0,,174,,"totalTestsViral",174,,,,,,,,"6/1/2020 00:00","2020-06-01T00:00:00Z","05/31 20:00",0,,,"2020-06-01T00:00:00Z",174,,,0,,,,,,,,,,,,,,,"60",0,0,174,0,174,,0,0,"91f78516596634db3edd6c81deee0ce711724e4d",0,0,0,0,0,""
20200608,"AS",0,,174,,"totalTestsViral",174,,,,,,,,"6/1/2020 00:00","2020-06-01T00:00:00Z","05/31 20:00",0,,,"2020-06-01T00:00:00Z",174,,,0,,,,,,,,,,,,,,,"60",0,0,174,0,174,,0,0,"50165b67a444de11dcecd33b7355b561bdb3c66e",0,0,0,0,0,""
20200607,"AS",0,,174,,"totalTestsViral",174,,,,,,,,"6/1/2020 00:00","2020-06-01T00:00:00Z","05/31 20:00",0,,,"2020-06-01T00:00:00Z",174,,,0,,,,,,,,,,,,,,,"60",0,0,174,0,174,,0,0,"accf5d651b1455af3a67d2cc6f7478408a52aa45",0,0,0,0,0,""
20200606,"AS",0,,174,,"totalTestsViral",174,,,,,,,,"6/1/2020 00:00","2020-06-01T00:00:00Z","05/31 20:00",0,,,"2020-06-01T00:00:00Z",174,,,0,,,,,,,,,,,,,,,"60",0,0,174,0,174,,0,0,"410dd0c4faa4a17e4b2c75a65500c834495aaeb3",0,0,0,0,0,""
20200605,"AS",0,,174,,"totalTestsViral",174,,,,,,,,"6/1/2020 00:00","2020-06-01T00:00:00Z","05/31 20:00",0,,,"2020-06-01T00:00:00Z",174,,,0,,,,,,,,,,,,,,,"60",0,0,174,0,174,,0,0,"2cfaf2f520f54022d587f378cff74c355bd0f700",0,0,0,0,0,""
20200604,"AS",0,,174,,"totalTestsViral",174,,,,,,,,"6/1/2020 00:00","2020-06-01T00:00:00Z","05/31 20:00",0,,,"2020-06-01T00:00:00Z",174,,,0,,,,,,,,,,,,,,,"60",0,0,174,0,174,,0,0,"139d1e1369eebab062e03af76f640acef1ba2a57",0,0,0,0,0,""
20200603,"AS",0,,174,,"totalTestsViral",174,,,,,,,,"6/1/2020 00:00","2020-06-01T00:00:00Z","05/31 20:00",0,,,"2020-06-01T00:00:00Z",174,,,0,,,,,,,,,,,,,,,"60",0,0,174,0,174,,0,0,"5a8842d9482f523ec842039db697c7e8ac9c969c",0,0,0,0,0,""
20200602,"AS",0,,174,,"totalTestsViral",174,,,,,,,,"5/29/2020 00:00","2020-05-29T00:00:00Z","05/28 20:00",0,,,"2020-05-29T00:00:00Z",174,,,0,,,,,,,,,,,,,,,"60",0,0,174,0,174,,0,0,"3bb1b96c6b217c028ea47ee7a40d5362a33abd73",0,0,0,0,0,""
20200601,"AS",0,,174,,"totalTestsViral",174,,,,,,,,"5/29/2020 00:00","2020-05-29T00:00:00Z","05/28 20:00",0,,,"2020-05-29T00:00:00Z",174,,,0,,,,,,,,,,,,,,,"60",0,0,174,0,174,,0,0,"9bbec2b4cdbcc0e05dba280595af6780e10a7a81",0,0,0,0,0,""
20200531,"AS",0,,174,,"totalTestsViral",174,,,,,,,,"5/29/2020 00:00","2020-05-29T00:00:00Z","05/28 20:00",0,,,"2020-05-29T00:00:00Z",174,,,0,,,,,,,,,,,,,,,"60",0,0,174,0,174,,0,0,"5e6f55d1d88e6c44eb123458cd8b117430c50003",0,0,0,0,0,""
20200530,"AS",0,,174,,"totalTestsViral",174,,,,,,,,"5/29/2020 00:00","2020-05-29T00:00:00Z","05/28 20:00",0,,,"2020-05-29T00:00:00Z",174,,,0,,,,,,,,,,,,,,,"60",0,0,174,0,174,,0,0,"bb2d672f9296ea0a5f3e8d9f2d635d5ab7e8cf32",0,0,0,0,0,""
20200529,"AS",0,,174,,"totalTestsViral",174,,,,,,,,"5/29/2020 00:00","2020-05-29T00:00:00Z","05/28 20:00",0,,,"2020-05-29T00:00:00Z",174,,,0,,,,,,,,,,,,,,,"60",0,0,174,0,174,,0,0,"79019896e1cbc512cecc6e5c3bf72dedba1a5dc2",0,0,0,0,0,""
20200528,"AS",0,,174,,"totalTestsViral",174,,,,,,,,"5/27/2020 00:00","2020-05-27T00:00:00Z","05/26 20:00",0,,,"2020-05-27T00:00:00Z",174,,,0,,,,,,,,,,,,,,,"60",0,0,174,0,174,,0,0,"2eb05045dc2af61bebb3c6e632a961644b72aa44",0,0,0,0,0,""
20200527,"AS",0,,174,,"totalTestsViral",174,,,,,,,,"5/27/2020 00:00","2020-05-27T00:00:00Z","05/26 20:00",0,,,"2020-05-27T00:00:00Z",174,,,0,,,,,,,,,,,,,,,"60",0,50,174,50,174,,0,0,"25ecbf231f2285c170c29c2dbec41cc7d89fd7ea",0,0,0,0,0,""
20200526,"AS",0,,124,,"totalTestsViral",124,,,,,,,,"5/19/2020 00:00","2020-05-19T00:00:00Z","05/18 20:00",0,,,"2020-05-19T00:00:00Z",124,,,0,,,,,,,,,,,,,,,"60",0,0,124,0,124,,0,0,"6d16b3b01f3443dfef60651cb0e307a6c37db606",0,0,0,0,0,""
20200525,"AS",0,,124,,"totalTestsViral",124,,,,,,,,"5/19/2020 00:00","2020-05-19T00:00:00Z","05/18 20:00",0,,,"2020-05-19T00:00:00Z",124,,,0,,,,,,,,,,,,,,,"60",0,0,124,0,124,,0,0,"08357a127f982c55b6d87487b7d4c1d780615c3d",0,0,0,0,0,""
20200524,"AS",0,,124,,"totalTestsViral",124,,,,,,,,"5/19/2020 00:00","2020-05-19T00:00:00Z","05/18 20:00",0,,,"2020-05-19T00:00:00Z",124,,,0,,,,,,,,,,,,,,,"60",0,0,124,0,124,,0,0,"312cf7d1fa0d3b00e836679e471daaed945b34ed",0,0,0,0,0,""
20200523,"AS",0,,124,,"totalTestsViral",124,,,,,,,,"5/19/2020 00:00","2020-05-19T00:00:00Z","05/18 20:00",0,,,"2020-05-19T00:00:00Z",124,,,0,,,,,,,,,,,,,,,"60",0,0,124,0,124,,0,0,"0c81a7d035fee4ec1f39fdf3379b84cf5d945d38",0,0,0,0,0,""
20200522,"AS",0,,124,,"totalTestsViral",124,,,,,,,,"5/19/2020 00:00","2020-05-19T00:00:00Z","05/18 20:00",0,,,"2020-05-19T00:00:00Z",124,,,0,,,,,,,,,,,,,,,"60",0,0,124,0,124,,0,0,"f9f9cfef4c274be66007cbbc837d0b8344a2290d",0,0,0,0,0,""
20200521,"AS",0,,124,,"totalTestsViral",124,,,,,,,,"5/19/2020 00:00","2020-05-19T00:00:00Z","05/18 20:00",0,,,"2020-05-19T00:00:00Z",124,,,0,,,,,,,,,,,,,,,"60",0,0,124,0,124,,0,0,"95bec85bbb315dd6f5e56bc203451dfa305b3efa",0,0,0,0,0,""
20200520,"AS",0,,124,,"totalTestsViral",124,,,,,,,,"5/19/2020 00:00","2020-05-19T00:00:00Z","05/18 20:00",0,,,"2020-05-19T00:00:00Z",124,,,0,,,,,,,,,,,,,,,"60",0,0,124,0,124,,0,0,"35c6c6f9a8e8cf93339d7666353a3dd42381205e",0,0,0,0,0,""
20200519,"AS",0,,124,,"totalTestsViral",124,,,,,,,,"5/19/2020 00:00","2020-05-19T00:00:00Z","05/18 20:00",0,,,"2020-05-19T00:00:00Z",124,,,0,,,,,,,,,,,,,,,"60",0,19,124,19,124,,0,0,"3bc14d275d63cb1fc47932337d2e3895fe7bb2c8",0,0,0,0,0,""
20200518,"AS",0,,105,,"totalTestsViral",105,,,,,,,,"5/10/2020 00:00","2020-05-10T00:00:00Z","05/09 20:00",0,,,"2020-05-10T00:00:00Z",105,,,0,,,,,,,,,,,,,,,"60",0,0,105,0,105,,0,0,"61d4c73807d0d6f1bb235cf9ee8e6292a74e08ae",0,0,0,0,0,""
20200517,"AS",0,,105,,"totalTestsViral",105,,,,,,,,"5/10/2020 00:00","2020-05-10T00:00:00Z","05/09 20:00",0,,,"2020-05-10T00:00:00Z",105,,,0,,,,,,,,,,,,,,,"60",0,0,105,0,105,,0,0,"eb5b2124bcd27d97df17748ee42a7a95b03230eb",0,0,0,0,0,""
20200516,"AS",0,,105,,"totalTestsViral",105,,,,,,,,"5/10/2020 00:00","2020-05-10T00:00:00Z","05/09 20:00",0,,,"2020-05-10T00:00:00Z",105,,,0,,,,,,,,,,,,,,,"60",0,0,105,0,105,,0,0,"97258c23c7934694b32b28bcca859391fff5fb14",0,0,0,0,0,""
20200515,"AS",0,,105,,"totalTestsViral",105,,,,,,,,"5/10/2020 00:00","2020-05-10T00:00:00Z","05/09 20:00",0,,,"2020-05-10T00:00:00Z",105,,,0,,,,,,,,,,,,,,,"60",0,0,105,0,105,,0,0,"9207100e036567e2bf067ae249e0dd6a714191b6",0,0,0,0,0,""
20200514,"AS",0,,105,,"totalTestsViral",105,,,,,,,,"5/10/2020 00:00","2020-05-10T00:00:00Z","05/09 20:00",0,,,"2020-05-10T00:00:00Z",105,,,0,,,,,,,,,,,,,,,"60",0,0,105,0,105,,0,0,"d6d163c3ca288744026ece8188419a48390356f6",0,0,0,0,0,""
20200513,"AS",0,,105,,"totalTestsViral",105,,,,,,,,"5/10/2020 00:00","2020-05-10T00:00:00Z","05/09 20:00",0,,,"2020-05-10T00:00:00Z",105,,,0,,,,,,,,,,,,,,,"60",0,0,105,0,105,,0,0,"517077ce1aba40b6a850893e2f5307ee1a497125",0,0,0,0,0,""
20200512,"AS",0,,105,,"totalTestsViral",105,,,,,,,,"5/10/2020 00:00","2020-05-10T00:00:00Z","05/09 20:00",0,,,"2020-05-10T00:00:00Z",105,,,0,,,,,,,,,,,,,,,"60",0,0,105,0,105,,0,0,"e635c263fbfb4a786cc79a5d882bec009076d5c5",0,0,0,0,0,""
20200511,"AS",0,,105,,"totalTestsViral",105,,,,,,,,"5/10/2020 00:00","2020-05-10T00:00:00Z","05/09 20:00",0,,,"2020-05-10T00:00:00Z",105,,,0,,,,,,,,,,,,,,,"60",0,22,105,22,105,,0,0,"c48e4a8e72dd0813bccead5122fbcfb952da04c3",0,0,0,0,0,""
20200510,"AS",0,,83,,"totalTestsViral",83,,,,,,,,"5/3/2020 00:00","2020-05-03T00:00:00Z","05/02 20:00",0,,,"2020-05-03T00:00:00Z",83,,,0,,,,,,,,,,,,,,,"60",0,0,83,0,83,,0,0,"682e1fd349110fea6b1f1ceffa6a413cf32e92bb",0,0,0,0,0,""
20200509,"AS",0,,83,,"totalTestsViral",83,,,,,,,,"5/3/2020 00:00","2020-05-03T00:00:00Z","05/02 20:00",0,,,"2020-05-03T00:00:00Z",83,,,0,,,,,,,,,,,,,,,"60",0,0,83,0,83,,0,0,"9c2d29c18c3aaba86641cebd91fdcc17c1f22a0d",0,0,0,0,0,""
20200508,"AS",0,,83,,"totalTestsViral",83,,,,,,,,"5/3/2020 00:00","2020-05-03T00:00:00Z","05/02 20:00",0,,,"2020-05-03T00:00:00Z",83,,,0,,,,,,,,,,,,,,,"60",0,0,83,0,83,,0,0,"2c732e1232e18efde0322ebc5abcb97daf749fca",0,0,0,0,0,""
20200507,"AS",0,,83,,"totalTestsViral",83,,,,,,,,"5/3/2020 00:00","2020-05-03T00:00:00Z","05/02 20:00",0,,,"2020-05-03T00:00:00Z",83,,,0,,,,,,,,,,,,,,,"60",0,0,83,0,83,,0,0,"a26cb140d5b89e183766910a2fd8e5d9e49eded2",0,0,0,0,0,""
20200506,"AS",0,,83,,"totalTestsViral",83,,,,,,,,"5/3/2020 00:00","2020-05-03T00:00:00Z","05/02 20:00",0,,,"2020-05-03T00:00:00Z",83,,,0,,,,,,,,,,,,,,,"60",0,0,83,0,83,,0,0,"bc66166b6a3c8cd6ae63b16f0c9fb628f35a51b4",0,0,0,0,0,""
20200505,"AS",0,,83,,"totalTestsViral",83,,,,,,,,"5/3/2020 00:00","2020-05-03T00:00:00Z","05/02 20:00",0,,,"2020-05-03T00:00:00Z",83,,,0,,,,,,,,,,,,,,,"60",0,0,83,0,83,,0,0,"4e5a5f6784c03a4021af4101cdf09c1f07fc3be2",0,0,0,0,0,""
20200504,"AS",0,,83,,"totalTestsViral",83,,,,,,,,"5/3/2020 00:00","2020-05-03T00:00:00Z","05/02 20:00",0,,,"2020-05-03T00:00:00Z",83,,,0,,,,,,,,,,,,,,,"60",0,26,83,26,83,,0,0,"90a6e3ffb3544f548001300ab4cd58dbe3a5becf",0,0,0,0,0,""
20200503,"AS",0,,57,,"totalTestsViral",57,,,,,,,,"5/1/2020 00:00","2020-05-01T00:00:00Z","04/30 20:00",0,,,"2020-05-01T00:00:00Z",57,,,0,,,,,,,,,,,,,,,"60",0,0,57,0,57,,0,0,"dc2f0342e34729204c480a951bef1984fd7f13bc",0,0,0,0,0,""
20200502,"AS",0,,57,,"totalTestsViral",57,,,,,,,,"5/1/2020 00:00","2020-05-01T00:00:00Z","04/30 20:00",0,,,"2020-05-01T00:00:00Z",57,,,0,,,,,,,,,,,,,,,"60",0,0,57,0,57,,0,0,"b7793727e2ed4668e2dc5f87b381f0b61f8a84ae",0,0,0,0,0,""
20200501,"AS",0,,57,,"totalTestsViral",57,,,,,,,,"5/1/2020 00:00","2020-05-01T00:00:00Z","04/30 20:00",0,,,"2020-05-01T00:00:00Z",57,,,0,,,,,,,,,,,,,,,"60",0,54,57,54,57,,0,0,"d63f879b388aebe4b6276c3c28701c3320270ef6",0,0,0,0,0,""
20200430,"AS",0,,3,17,"totalTestsViral",3,,,,,,,,"4/19/2020 00:00","2020-04-19T00:00:00Z","04/18 20:00",0,,,"2020-04-19T00:00:00Z",3,,,0,,,,,,,,,,,,,,,"60",0,0,20,0,3,,0,0,"4a97f0ce011ab533037e1655cc48201fb8456f32",0,0,0,0,0,""
20200429,"AS",0,,3,17,"totalTestsViral",3,,,,,,,,"4/19/2020 00:00","2020-04-19T00:00:00Z","04/18 20:00",0,,,"2020-04-19T00:00:00Z",3,,,0,,,,,,,,,,,,,,,"60",0,0,20,0,3,,0,0,"eff6fc0ba332ebced86c5f777894d28f13cd13c2",0,0,0,0,0,""
20200428,"AS",0,,3,17,"totalTestsViral",3,,,,,,,,"4/19/2020 00:00","2020-04-19T00:00:00Z","04/18 20:00",0,,,"2020-04-19T00:00:00Z",3,,,0,,,,,,,,,,,,,,,"60",0,0,20,0,3,,0,0,"a5c34e19a748184e75a094342c03308e23489822",0,0,0,0,0,""
20200427,"AS",0,,3,17,"totalTestsViral",3,,,,,,,,"4/19/2020 00:00","2020-04-19T00:00:00Z","04/18 20:00",0,,,"2020-04-19T00:00:00Z",3,,,0,,,,,,,,,,,,,,,"60",0,0,20,0,3,,0,0,"759d80f33dffd92272221e19b6668024f5d74b99",0,0,0,0,0,""
20200426,"AS",0,,3,17,"totalTestsViral",3,,,,,,,,"4/19/2020 00:00","2020-04-19T00:00:00Z","04/18 20:00",0,,,"2020-04-19T00:00:00Z",3,,,0,,,,,,,,,,,,,,,"60",0,0,20,0,3,,0,0,"16c33f530cb6fee8a0569ae246f91f318c17fbd6",0,0,0,0,0,""
20200425,"AS",0,,3,17,"totalTestsViral",3,,,,,,,,"4/19/2020 00:00","2020-04-19T00:00:00Z","04/18 20:00",0,,,"2020-04-19T00:00:00Z",3,,,0,,,,,,,,,,,,,,,"60",0,0,20,0,3,,0,0,"844ac67426b666d27fc436856840c2f83fb63c8a",0,0,0,0,0,""
20200424,"AS",0,,3,17,"totalTestsViral",3,,,,,,,,"4/19/2020 00:00","2020-04-19T00:00:00Z","04/18 20:00",0,,,"2020-04-19T00:00:00Z",3,,,0,,,,,,,,,,,,,,,"60",0,0,20,0,3,,0,0,"d5bd0a7105286d3d3816e8ed3943219ac4c83ae2",0,0,0,0,0,""
20200423,"AS",0,,3,17,"totalTestsViral",3,,,,,,,,"4/6/2020 00:00","2020-04-06T00:00:00Z","04/05 20:00",0,,,"2020-04-06T00:00:00Z",3,,,0,,,,,,,,,,,,,,,"60",0,0,20,0,3,,0,0,"c5499698213912cfbecd4a7c1824b1d971f80967",0,0,0,0,0,""
20200422,"AS",0,,3,17,"totalTestsViral",3,,,,,,,,"4/6/2020 00:00","2020-04-06T00:00:00Z","04/05 20:00",0,,,"2020-04-06T00:00:00Z",3,,,0,,,,,,,,,,,,,,,"60",0,0,20,0,3,,0,0,"df64eafa362d0dceaf18fb19de1580698f9aae8a",0,0,0,0,0,""
20200421,"AS",0,,3,17,"totalTestsViral",3,,,,,,,,"4/6/2020 00:00","2020-04-06T00:00:00Z","04/05 20:00",0,,,"2020-04-06T00:00:00Z",3,,,0,,,,,,,,,,,,,,,"60",0,0,20,0,3,,0,0,"d47cfc1ebeaa11bb7ce5533839c92ef9afe9a9da",0,0,0,0,0,""
20200420,"AS",0,,3,17,"totalTestsViral",3,,,,,,,,"4/6/2020 00:00","2020-04-06T00:00:00Z","04/05 20:00",0,,,"2020-04-06T00:00:00Z",3,,,0,,,,,,,,,,,,,,,"60",0,0,20,0,3,,0,0,"f4065b03e02cd04fe1cf200fbafb844c30f2e68f",0,0,0,0,0,""
20200419,"AS",0,,3,17,"totalTestsViral",3,,,,,,,,"4/6/2020 00:00","2020-04-06T00:00:00Z","04/05 20:00",0,,,"2020-04-06T00:00:00Z",3,,,0,,,,,,,,,,,,,,,"60",0,0,20,0,3,,0,0,"ba9d428c4368028b3c951c732092c29750c3ea22",0,0,0,0,0,""
20200418,"AS",0,,3,17,"totalTestsViral",3,,,,,,,,"4/6/2020 00:00","2020-04-06T00:00:00Z","04/05 20:00",0,,,"2020-04-06T00:00:00Z",3,,,0,,,,,,,,,,,,,,,"60",0,0,20,0,3,,0,0,"9fc127b369be7d02ddef9c73373e0ed9c0ba7f3e",0,0,0,0,0,""
20200417,"AS",0,,3,17,"totalTestsViral",3,,,,,,,,"4/6/2020 00:00","2020-04-06T00:00:00Z","04/05 20:00",0,,,"2020-04-06T00:00:00Z",3,,,0,,,,,,,,,,,,,,,"60",0,0,20,0,3,,0,0,"083a6e2bdf7e7e78314b625e0ea9634e21da5329",0,0,0,0,0,""
20200416,"AS",0,,3,17,"totalTestsViral",3,,,,,,,,"4/6/2020 00:00","2020-04-06T00:00:00Z","04/05 20:00",0,,,"2020-04-06T00:00:00Z",3,,,0,,,,,,,,,,,,,,,"60",0,0,20,0,3,,0,0,"ca807e11eb6617fa229e9e2779eedfaa7d6de713",0,0,0,0,0,""
20200415,"AS",0,,3,17,"totalTestsViral",3,,,,,,,,"4/6/2020 00:00","2020-04-06T00:00:00Z","04/05 20:00",0,,,"2020-04-06T00:00:00Z",3,,,0,,,,,,,,,,,,,,,"60",0,0,20,0,3,,0,0,"7f0b675cf0ba2bdeabbb82da0977bcc9456975cc",0,0,0,0,0,""
20200414,"AS",0,,3,17,"totalTestsViral",3,,,,,,,,"4/6/2020 00:00","2020-04-06T00:00:00Z","04/05 20:00",0,,,"2020-04-06T00:00:00Z",3,,,0,,,,,,,,,,,,,,,"60",0,0,20,0,3,,0,0,"a2703950978f0fa3675c371a21d6a02f03a60a6f",0,0,0,0,0,""
20200413,"AS",0,,3,,"totalTestsViral",3,,,,,,,,"4/6/2020 00:00","2020-04-06T00:00:00Z","04/05 20:00",0,,,"2020-04-06T00:00:00Z",3,,,0,,,,,,,,,,,,,,,"60",0,0,3,0,3,,0,0,"7cba161764287ea573573196d5f68e7a04297e5c",0,0,0,0,0,""
20200412,"AS",0,,3,2,"totalTestsViral",3,,,,,,,,"3/31/2020 19:16","2020-03-31T19:16:00Z","03/31 15:16",0,,,"2020-03-31T19:16:00Z",3,,,0,,,,,,,,,,,,,,,"60",0,0,5,0,3,,0,0,"65a65dbd627981bcf4f3487aeb5cda8a15962ef7",0,0,0,0,0,""
20200411,"AS",0,,3,2,"totalTestsViral",3,,,,,,,,"3/31/2020 19:16","2020-03-31T19:16:00Z","03/31 15:16",0,,,"2020-03-31T19:16:00Z",3,,,0,,,,,,,,,,,,,,,"60",0,0,5,0,3,,0,0,"8cf87ef044d86e876ffaec1859446787b72d982d",0,0,0,0,0,""
20200410,"AS",0,,3,2,"totalTestsViral",3,,,,,,,,"4/6/2020 16:00","2020-04-06T16:00:00Z","04/06 12:00",0,,,"2020-04-06T16:00:00Z",3,,,0,,,,,,,,,,,,,,,"60",0,0,5,0,3,,0,0,"c796ea192c7d2436a17b28e11eadd1951fb148d4",0,0,0,0,0,""
20200409,"AS",0,,3,2,"totalTestsViral",3,,,,,,,,"4/6/2020 16:00","2020-04-06T16:00:00Z","04/06 12:00",0,,,"2020-04-06T16:00:00Z",3,,,0,,,,,,,,,,,,,,,"60",0,0,5,0,3,,0,0,"9b2141274b7de65867514a4931740702e6623799",0,0,0,0,0,""
20200408,"AS",0,,3,2,"totalTestsViral",3,,,,,,,,"4/6/2020 16:00","2020-04-06T16:00:00Z","04/06 12:00",0,,,"2020-04-06T16:00:00Z",3,,,0,,,,,,,,,,,,,,,"60",0,0,5,0,3,,0,0,"28cbfae3651a977188167a267c086785dbeec39e",0,0,0,0,0,""
20200407,"AS",0,,3,2,"totalTestsViral",3,,,,,,,,"4/6/2020 16:00","2020-04-06T16:00:00Z","04/06 12:00",0,,,"2020-04-06T16:00:00Z",3,,,0,,,,,,,,,,,,,,,"60",0,0,5,0,3,,0,0,"2c86dfe8c0e49e9606c0db92c22dc5300e3a5aa0",0,0,0,0,0,""
20200406,"AS",0,,3,2,"totalTestsViral",3,,,,,,,,"4/6/2020 16:00","2020-04-06T16:00:00Z","04/06 12:00",0,,,"2020-04-06T16:00:00Z",3,,,0,,,,,,,,,,,,,,,"60",0,0,5,0,3,,0,0,"9b58583de5287727fa886a9d2fa368597599973d",0,0,0,0,0,""
20200405,"AS",0,,3,2,"totalTestsViral",3,,,,,,,,"3/30/2020 23:00","2020-03-30T23:00:00Z","03/30 19:00",0,,,"2020-03-30T23:00:00Z",3,,,0,,,,,,,,,,,,,,,"60",0,0,5,0,3,,0,0,"54116213bba3a4ae95f5005edbdab82ab031c10e",0,0,0,0,0,""
20200404,"AS",0,,3,2,"totalTestsViral",3,,,,,,,,"3/30/2020 23:00","2020-03-30T23:00:00Z","03/30 19:00",0,,,"2020-03-30T23:00:00Z",3,,,0,,,,,,,,,,,,,,,"60",0,0,5,0,3,,0,0,"dc7a5f9b29f77263df2e84865ce77e20c38e81dc",0,0,0,0,0,""
20200403,"AS",0,,3,2,"totalTestsViral",3,,,,,,,,"3/30/2020 23:00","2020-03-30T23:00:00Z","03/30 19:00",0,,,"2020-03-30T23:00:00Z",3,,,0,,,,,,,,,,,,,,,"60",0,0,5,0,3,,0,0,"12893de32758a71b77d5873983b57a8d8ab65d5a",0,0,0,0,0,""
20200402,"AS",0,,3,2,"totalTestsViral",3,,,,,,,,"3/30/2020 23:00","2020-03-30T23:00:00Z","03/30 19:00",0,,,"2020-03-30T23:00:00Z",3,,,0,,,,,,,,,,,,,,,"60",0,0,5,0,3,,0,0,"683f83af420d944b8637bbaf3d9d19c359059e15",0,0,0,0,0,""
20200401,"AS",0,,3,2,"totalTestsViral",3,,,,,,,,"3/30/2020 23:00","2020-03-30T23:00:00Z","03/30 19:00",0,,,"2020-03-30T23:00:00Z",3,,,0,,,,,,,,,,,,,,,"60",0,0,5,0,3,,0,0,"0d0689aeaaa2de5b167bb03c2f540b1e96829300",0,0,0,0,0,""
20200331,"AS",0,,3,2,"totalTestsViral",3,,,,,,,,"3/30/2020 00:00","2020-03-30T00:00:00Z","03/29 20:00",0,,,"2020-03-30T00:00:00Z",3,,,0,,,,,,,,,,,,,,,"60",0,3,5,3,3,,0,0,"460b28481f16a5029e6b98d5b4739934559d270e",0,0,0,0,0,""
20200330,"AS",,,,,"totalTestsViral",0,,,,,,,,"3/30/2020 00:00","2020-03-30T00:00:00Z","03/29 20:00",0,,,"2020-03-30T00:00:00Z",0,,,0,,,,,,,,,,,,,,,"60",0,0,0,0,0,,0,0,"004b816ef91f35a4f320acec34f4ffce5b0209e7",0,0,0,0,0,""
20200329,"AS",,,,,"totalTestsViral",0,,,,,,,,"3/27/2020 00:00","2020-03-27T00:00:00Z","03/26 20:00",0,,,"2020-03-27T00:00:00Z",0,,,0,,,,,,,,,,,,,,,"60",0,0,0,0,0,,0,0,"e6490668178ef8846522fe1f268dd4cece97d769",0,0,0,0,0,""
20200328,"AS",,,,,"totalTestsViral",0,,,,,,,,"3/27/2020 00:00","2020-03-27T00:00:00Z","03/26 20:00",0,,,"2020-03-27T00:00:00Z",0,,,0,,,,,,,,,,,,,,,"60",0,0,0,0,0,,0,0,"d376dc211ae901978e8d510d5db4b38600060c9e",0,0,0,0,0,""
20200327,"AS",,,,,"totalTestsViral",0,,,,,,,,"3/27/2020 00:00","2020-03-27T00:00:00Z","03/26 20:00",0,,,"2020-03-27T00:00:00Z",0,,,0,,,,,,,,,,,,,,,"60",0,0,0,0,0,,0,0,"6968e97c902983203b86e90f6d220ad67e81e3c5",0,0,0,0,0,""
20200326,"AS",,,,,"totalTestsViral",0,,,,,,,,"3/25/2020 00:00","2020-03-25T00:00:00Z","03/24 20:00",0,,,"2020-03-25T00:00:00Z",0,,,0,,,,,,,,,,,,,,,"60",0,0,0,0,0,,0,0,"1f24a7f5f860eb0ba5d7cbdce87460c518410f95",0,0,0,0,0,""
20200325,"AS",,,,,"totalTestsViral",0,,,,,,,,"3/25/2020 00:00","2020-03-25T00:00:00Z","03/24 20:00",0,,,"2020-03-25T00:00:00Z",0,,,0,,,,,,,,,,,,,,,"60",0,0,0,0,0,,0,0,"869869a7db5b3f212191de5a60aa579d73cb0c6b",0,0,0,0,0,""
20200324,"AS",,,,,"totalTestsViral",0,,,,,,,,"3/24/2020 00:00","2020-03-24T00:00:00Z","03/23 20:00",0,,,"2020-03-24T00:00:00Z",0,,,0,,,,,,,,,,,,,,,"60",0,0,0,0,0,,0,0,"f4a7693ca5532bca18ab2b406c2c245dad114038",0,0,0,0,0,""
20200323,"AS",,,,,"totalTestsViral",0,,,,,,,,"3/19/2020 00:00","2020-03-19T00:00:00Z","03/18 20:00",0,,,"2020-03-19T00:00:00Z",0,,,0,,,,,,,,,,,,,,,"60",0,0,0,0,0,,0,0,"fc7ff8caf7fd20894021989993c3105f53c838ad",0,0,0,0,0,""
20200322,"AS",,,,,"totalTestsViral",0,,,,,,,,"3/19/2020 00:00","2020-03-19T00:00:00Z","03/18 20:00",0,,,"2020-03-19T00:00:00Z",0,,,0,,,,,,,,,,,,,,,"60",0,0,0,0,0,,0,0,"c0fea22e3489a826d672a09734da086bf8680c52",0,0,0,0,0,""
20200321,"AS",,,,,"totalTestsViral",0,,,,,,,,"3/19/2020 00:00","2020-03-19T00:00:00Z","03/18 20:00",0,,,"2020-03-19T00:00:00Z",0,,,0,,,,,,,,,,,,,,,"60",0,0,0,0,0,,0,0,"8b6bc7ea7d121617e510347c3adf17cf5df9dd4e",0,0,0,0,0,""
20200320,"AS",,,,,"totalTestsViral",0,,,,,,,,"3/19/2020 00:00","2020-03-19T00:00:00Z","03/18 20:00",0,,,"2020-03-19T00:00:00Z",0,,,0,,,,,,,,,,,,,,,"60",0,0,0,0,0,,0,0,"898e11bf19ea5866a2170aa7e7d72928b45a8d1c",0,0,0,0,0,""
20200319,"AS",,,,,"totalTestsViral",0,,,,,,,,"3/14/2020 00:00","2020-03-14T00:00:00Z","03/13 20:00",0,,,"2020-03-14T00:00:00Z",0,,,0,,,,,,,,,,,,,,,"60",0,0,0,0,0,,0,0,"96ce3dd33249d94d05a920e5bd643bc1fcecf327",0,0,0,0,0,""
20200318,"AS",,,,,"totalTestsViral",0,,,,,,,,"3/14/2020 00:00","2020-03-14T00:00:00Z","03/13 20:00",0,,,"2020-03-14T00:00:00Z",0,,,0,,,,,,,,,,,,,,,"60",0,0,0,0,0,,0,0,"b00fe019a68d6a6c3a0babcbfcb5409459705c32",0,0,0,0,0,""
20200317,"AS",,,,,"totalTestsViral",0,,,,,,,,"3/14/2020 00:00","2020-03-14T00:00:00Z","03/13 20:00",,,,"2020-03-14T00:00:00Z",0,,,0,,,,,,,,,,,,,,,"60",0,0,0,0,0,,0,0,"f578f0c81b40ba90e20d10dbbd3fb50e46f004d6",0,0,0,0,0,""
20200316,"AS",,,,,"totalTestsViral",0,,,,,,,,"3/16/2020 15:54","2020-03-16T15:54:00Z","03/16 11:54",,,,"2020-03-16T15:54:00Z",0,,,0,,,,,,,,,,,,,,,"60",0,0,0,0,0,,0,0,"45005046b1cb3f9d45947915fb45806aff13e095",0,0,0,0,0,""